"No.","Time","Source","Destination","Protocol","Length","Info"
"2","0.643286","66.22.231.191","192.168.0.200","RTCP","94","Receiver Report   "
"5","0.803158","192.168.0.200","66.22.231.191","UDP","127","60773  >  50008 Len=85"
"6","0.820169","192.168.0.200","66.22.231.191","UDP","170","60773  >  50008 Len=128"
"7","0.843759","192.168.0.200","66.22.231.191","UDP","186","60773  >  50008 Len=144"
"8","0.862357","192.168.0.200","66.22.231.191","UDP","253","60773  >  50008 Len=211"
"9","0.880121","192.168.0.200","66.22.231.191","UDP","277","60773  >  50008 Len=235"
"10","0.903479","192.168.0.200","66.22.231.191","UDP","249","60773  >  50008 Len=207"
"11","0.923268","192.168.0.200","66.22.231.191","UDP","223","60773  >  50008 Len=181"
"12","0.940954","192.168.0.200","66.22.231.191","UDP","245","60773  >  50008 Len=203"
"13","0.958404","192.168.0.200","66.22.231.191","UDP","263","60773  >  50008 Len=221"
"14","0.982402","192.168.0.200","66.22.231.191","UDP","252","60773  >  50008 Len=210"
"15","1.000432","192.168.0.200","66.22.231.191","UDP","248","60773  >  50008 Len=206"
"16","1.026272","192.168.0.200","66.22.231.191","UDP","248","60773  >  50008 Len=206"
"17","1.042367","192.168.0.200","66.22.231.191","UDP","243","60773  >  50008 Len=201"
"18","1.060281","192.168.0.200","66.22.231.191","UDP","239","60773  >  50008 Len=197"
"19","1.083705","192.168.0.200","66.22.231.191","UDP","235","60773  >  50008 Len=193"
"20","1.102093","192.168.0.200","66.22.231.191","UDP","251","60773  >  50008 Len=209"
"21","1.120038","192.168.0.200","66.22.231.191","UDP","258","60773  >  50008 Len=216"
"22","1.141812","192.168.0.200","66.22.231.191","UDP","250","60773  >  50008 Len=208"
"23","1.160091","192.168.0.200","66.22.231.191","UDP","249","60773  >  50008 Len=207"
"24","1.184033","192.168.0.200","66.22.231.191","UDP","256","60773  >  50008 Len=214"
"25","1.201592","192.168.0.200","66.22.231.191","UDP","253","60773  >  50008 Len=211"
"26","1.218836","192.168.0.200","66.22.231.191","UDP","237","60773  >  50008 Len=195"
"27","1.242942","192.168.0.200","66.22.231.191","UDP","236","60773  >  50008 Len=194"
"28","1.260309","192.168.0.200","66.22.231.191","UDP","234","60773  >  50008 Len=192"
"29","1.278515","192.168.0.200","66.22.231.191","UDP","232","60773  >  50008 Len=190"
"30","1.302532","192.168.0.200","66.22.231.191","UDP","233","60773  >  50008 Len=191"
"31","1.320306","192.168.0.200","66.22.231.191","UDP","213","60773  >  50008 Len=171"
"32","1.338492","192.168.0.200","66.22.231.191","UDP","164","60773  >  50008 Len=122"
"33","1.362576","192.168.0.200","66.22.231.191","UDP","130","60773  >  50008 Len=88"
"34","1.380165","192.168.0.200","66.22.231.191","UDP","131","60773  >  50008 Len=89"
"35","1.404467","192.168.0.200","66.22.231.191","UDP","127","60773  >  50008 Len=85"
"36","1.422552","192.168.0.200","66.22.231.191","UDP","85","60773  >  50008 Len=43"
"39","1.439864","192.168.0.200","66.22.231.191","UDP","85","60773  >  50008 Len=43"
"40","1.458076","192.168.0.200","66.22.231.191","UDP","85","60773  >  50008 Len=43"
"41","1.482197","192.168.0.200","66.22.231.191","UDP","85","60773  >  50008 Len=43"
"42","1.499645","192.168.0.200","66.22.231.191","UDP","85","60773  >  50008 Len=43"
"43","1.523890","192.168.0.200","66.22.231.191","UDP","85","60773  >  50008 Len=43"
"44","1.542050","192.168.0.200","66.22.231.191","UDP","85","60773  >  50008 Len=43"
"45","1.559651","192.168.0.200","66.22.231.191","UDP","85","60773  >  50008 Len=43"
"46","1.578793","192.168.0.200","66.22.231.191","UDP","85","60773  >  50008 Len=43"
"47","1.590879","192.168.0.200","66.22.231.191","RTCP","102","Sender Report   "
"48","1.600784","192.168.0.200","66.22.231.191","UDP","85","60773  >  50008 Len=43"
"49","1.645658","66.22.231.191","192.168.0.200","RTCP","94","Receiver Report   "
"60","2.644671","66.22.231.191","192.168.0.200","RTCP","94","Receiver Report   "
"66","2.940099","192.168.0.200","66.22.231.191","UDP","127","60773  >  50008 Len=85"
"67","2.964545","192.168.0.200","66.22.231.191","UDP","128","60773  >  50008 Len=86"
"68","2.982005","192.168.0.200","66.22.231.191","UDP","127","60773  >  50008 Len=85"
"70","2.999458","192.168.0.200","66.22.231.191","UDP","145","60773  >  50008 Len=103"
"71","3.020065","192.168.0.200","66.22.231.191","UDP","241","60773  >  50008 Len=199"
"73","3.040335","192.168.0.200","66.22.231.191","UDP","244","60773  >  50008 Len=202"
"75","3.062429","192.168.0.200","66.22.231.191","UDP","225","60773  >  50008 Len=183"
"76","3.080949","192.168.0.200","66.22.231.191","UDP","240","60773  >  50008 Len=198"
"77","3.098721","192.168.0.200","66.22.231.191","UDP","257","60773  >  50008 Len=215"
"79","3.122354","192.168.0.200","66.22.231.191","UDP","265","60773  >  50008 Len=223"
"80","3.140876","192.168.0.200","66.22.231.191","UDP","257","60773  >  50008 Len=215"
"81","3.157521","66.22.231.191","192.168.0.200","UDP","127","50008  >  60773 Len=85"
"82","3.158647","192.168.0.200","66.22.231.191","UDP","251","60773  >  50008 Len=209"
"83","3.179712","66.22.231.191","192.168.0.200","UDP","127","50008  >  60773 Len=85"
"84","3.182203","192.168.0.200","66.22.231.191","UDP","256","60773  >  50008 Len=214"
"85","3.199860","66.22.231.191","192.168.0.200","UDP","127","50008  >  60773 Len=85"
"86","3.200597","192.168.0.200","66.22.231.191","UDP","248","60773  >  50008 Len=206"
"87","3.218639","192.168.0.200","66.22.231.191","UDP","243","60773  >  50008 Len=201"
"88","3.219457","66.22.231.191","192.168.0.200","UDP","184","50008  >  60773 Len=142"
"89","3.239516","66.22.231.191","192.168.0.200","UDP","252","50008  >  60773 Len=210"
"90","3.242114","192.168.0.200","66.22.231.191","UDP","245","60773  >  50008 Len=203"
"91","3.257522","66.22.231.191","192.168.0.200","UDP","256","50008  >  60773 Len=214"
"92","3.260361","192.168.0.200","66.22.231.191","UDP","242","60773  >  50008 Len=200"
"93","3.275686","66.22.231.191","192.168.0.200","UDP","261","50008  >  60773 Len=219"
"94","3.278519","192.168.0.200","66.22.231.191","UDP","243","60773  >  50008 Len=201"
"95","3.296761","66.22.231.191","192.168.0.200","UDP","261","50008  >  60773 Len=219"
"96","3.302030","192.168.0.200","66.22.231.191","UDP","249","60773  >  50008 Len=207"
"97","3.314517","66.22.231.191","192.168.0.200","UDP","258","50008  >  60773 Len=216"
"98","3.319276","192.168.0.200","66.22.231.191","RTCP","94","Receiver Report   "
"99","3.320359","192.168.0.200","66.22.231.191","UDP","265","60773  >  50008 Len=223"
"100","3.334678","66.22.231.191","192.168.0.200","UDP","246","50008  >  60773 Len=204"
"101","3.344120","192.168.0.200","66.22.231.191","UDP","262","60773  >  50008 Len=220"
"102","3.354067","66.22.231.191","192.168.0.200","UDP","259","50008  >  60773 Len=217"
"103","3.361687","192.168.0.200","66.22.231.191","UDP","237","60773  >  50008 Len=195"
"104","3.380164","192.168.0.200","66.22.231.191","UDP","230","60773  >  50008 Len=188"
"105","3.380464","66.22.231.191","192.168.0.200","UDP","244","50008  >  60773 Len=202"
"106","3.397961","66.22.231.191","192.168.0.200","UDP","250","50008  >  60773 Len=208"
"107","3.404013","192.168.0.200","66.22.231.191","UDP","245","60773  >  50008 Len=203"
"108","3.417872","66.22.231.191","192.168.0.200","UDP","252","50008  >  60773 Len=210"
"109","3.422514","192.168.0.200","66.22.231.191","UDP","246","60773  >  50008 Len=204"
"110","3.439788","66.22.231.191","192.168.0.200","UDP","245","50008  >  60773 Len=203"
"111","3.440237","192.168.0.200","66.22.231.191","UDP","243","60773  >  50008 Len=201"
"112","3.456118","66.22.231.191","192.168.0.200","UDP","247","50008  >  60773 Len=205"
"113","3.464867","192.168.0.200","66.22.231.191","UDP","257","60773  >  50008 Len=215"
"114","3.474952","66.22.231.191","192.168.0.200","UDP","252","50008  >  60773 Len=210"
"115","3.480587","192.168.0.200","66.22.231.191","UDP","251","60773  >  50008 Len=209"
"116","3.494957","66.22.231.191","192.168.0.200","UDP","253","50008  >  60773 Len=211"
"117","3.501953","192.168.0.200","66.22.231.191","UDP","245","60773  >  50008 Len=203"
"118","3.514912","66.22.231.191","192.168.0.200","UDP","259","50008  >  60773 Len=217"
"119","3.520998","192.168.0.200","66.22.231.191","UDP","252","60773  >  50008 Len=210"
"120","3.535027","66.22.231.191","192.168.0.200","UDP","254","50008  >  60773 Len=212"
"121","3.543548","192.168.0.200","66.22.231.191","UDP","246","60773  >  50008 Len=204"
"122","3.554694","66.22.231.191","192.168.0.200","UDP","237","50008  >  60773 Len=195"
"123","3.562351","192.168.0.200","66.22.231.191","UDP","247","60773  >  50008 Len=205"
"124","3.574418","66.22.231.191","192.168.0.200","UDP","223","50008  >  60773 Len=181"
"125","3.579077","192.168.0.200","66.22.231.191","UDP","223","60773  >  50008 Len=181"
"126","3.596127","66.22.231.191","192.168.0.200","UDP","219","50008  >  60773 Len=177"
"127","3.602481","192.168.0.200","66.22.231.191","UDP","205","60773  >  50008 Len=163"
"128","3.614294","66.22.231.191","192.168.0.200","UDP","214","50008  >  60773 Len=172"
"129","3.620835","192.168.0.200","66.22.231.191","UDP","208","60773  >  50008 Len=166"
"130","3.634449","66.22.231.191","192.168.0.200","UDP","216","50008  >  60773 Len=174"
"131","3.638701","192.168.0.200","66.22.231.191","UDP","211","60773  >  50008 Len=169"
"132","3.642353","66.22.231.191","192.168.0.200","RTCP","94","Receiver Report   "
"133","3.655188","66.22.231.191","192.168.0.200","UDP","229","50008  >  60773 Len=187"
"134","3.662125","192.168.0.200","66.22.231.191","UDP","196","60773  >  50008 Len=154"
"135","3.677585","66.22.231.191","192.168.0.200","UDP","223","50008  >  60773 Len=181"
"136","3.680544","192.168.0.200","66.22.231.191","UDP","179","60773  >  50008 Len=137"
"137","3.697320","66.22.231.191","192.168.0.200","UDP","213","50008  >  60773 Len=171"
"138","3.698573","192.168.0.200","66.22.231.191","UDP","208","60773  >  50008 Len=166"
"140","3.717014","66.22.231.191","192.168.0.200","UDP","204","50008  >  60773 Len=162"
"142","3.722108","192.168.0.200","66.22.231.191","UDP","85","60773  >  50008 Len=43"
"143","3.738137","66.22.231.191","192.168.0.200","UDP","202","50008  >  60773 Len=160"
"144","3.740244","192.168.0.200","66.22.231.191","UDP","85","60773  >  50008 Len=43"
"145","3.760495","66.22.231.191","192.168.0.200","UDP","212","50008  >  60773 Len=170"
"146","3.764021","192.168.0.200","66.22.231.191","UDP","85","60773  >  50008 Len=43"
"147","3.774228","66.22.231.191","192.168.0.200","UDP","85","50008  >  60773 Len=43"
"148","3.781695","192.168.0.200","66.22.231.191","UDP","85","60773  >  50008 Len=43"
"149","3.796033","66.22.231.191","192.168.0.200","UDP","85","50008  >  60773 Len=43"
"150","3.800027","192.168.0.200","66.22.231.191","UDP","85","60773  >  50008 Len=43"
"151","3.814499","66.22.231.191","192.168.0.200","UDP","85","50008  >  60773 Len=43"
"152","3.823911","192.168.0.200","66.22.231.191","UDP","85","60773  >  50008 Len=43"
"153","3.837878","66.22.231.191","192.168.0.200","UDP","85","50008  >  60773 Len=43"
"154","3.841552","192.168.0.200","66.22.231.191","UDP","85","60773  >  50008 Len=43"
"156","3.860091","66.22.231.191","192.168.0.200","UDP","85","50008  >  60773 Len=43"
"157","3.860175","192.168.0.200","66.22.231.191","UDP","127","60773  >  50008 Len=85"
"158","3.874710","66.22.231.191","192.168.0.200","UDP","85","50008  >  60773 Len=43"
"160","3.884037","192.168.0.200","66.22.231.191","UDP","184","60773  >  50008 Len=142"
"161","3.894142","66.22.231.191","192.168.0.200","UDP","85","50008  >  60773 Len=43"
"162","3.901677","192.168.0.200","66.22.231.191","UDP","254","60773  >  50008 Len=212"
"163","3.912501","66.22.231.191","192.168.0.200","UDP","85","50008  >  60773 Len=43"
"164","3.920106","192.168.0.200","66.22.231.191","UDP","235","60773  >  50008 Len=193"
"165","3.934858","66.22.231.191","192.168.0.200","UDP","85","50008  >  60773 Len=43"
"166","3.943971","192.168.0.200","66.22.231.191","UDP","206","60773  >  50008 Len=164"
"167","3.957319","66.22.231.191","192.168.0.200","UDP","85","50008  >  60773 Len=43"
"168","3.961635","192.168.0.200","66.22.231.191","UDP","240","60773  >  50008 Len=198"
"169","3.981153","192.168.0.200","66.22.231.191","UDP","244","60773  >  50008 Len=202"
"170","3.998849","192.168.0.200","66.22.231.191","UDP","246","60773  >  50008 Len=204"
"171","4.022345","192.168.0.200","66.22.231.191","UDP","250","60773  >  50008 Len=208"
"172","4.040815","192.168.0.200","66.22.231.191","UDP","246","60773  >  50008 Len=204"
"173","4.058732","192.168.0.200","66.22.231.191","UDP","247","60773  >  50008 Len=205"
"174","4.082250","192.168.0.200","66.22.231.191","UDP","241","60773  >  50008 Len=199"
"176","4.100479","192.168.0.200","66.22.231.191","UDP","230","60773  >  50008 Len=188"
"177","4.118482","192.168.0.200","66.22.231.191","UDP","231","60773  >  50008 Len=189"
"179","4.141902","192.168.0.200","66.22.231.191","UDP","206","60773  >  50008 Len=164"
"180","4.159965","192.168.0.200","66.22.231.191","UDP","190","60773  >  50008 Len=148"
"181","4.184852","192.168.0.200","66.22.231.191","UDP","168","60773  >  50008 Len=126"
"182","4.200381","192.168.0.200","66.22.231.191","UDP","138","60773  >  50008 Len=96"
"183","4.217828","192.168.0.200","66.22.231.191","UDP","133","60773  >  50008 Len=91"
"185","4.241011","192.168.0.200","66.22.231.191","UDP","85","60773  >  50008 Len=43"
"187","4.263588","192.168.0.200","66.22.231.191","UDP","85","60773  >  50008 Len=43"
"188","4.282025","192.168.0.200","66.22.231.191","UDP","85","60773  >  50008 Len=43"
"189","4.299982","192.168.0.200","66.22.231.191","UDP","85","60773  >  50008 Len=43"
"190","4.323412","192.168.0.200","66.22.231.191","UDP","85","60773  >  50008 Len=43"
"192","4.339852","192.168.0.200","66.22.231.191","UDP","85","60773  >  50008 Len=43"
"195","4.363821","192.168.0.200","66.22.231.191","UDP","85","60773  >  50008 Len=43"
"196","4.379636","192.168.0.200","66.22.231.191","UDP","85","60773  >  50008 Len=43"
"197","4.403854","192.168.0.200","66.22.231.191","UDP","85","60773  >  50008 Len=43"
"198","4.422813","192.168.0.200","66.22.231.191","UDP","85","60773  >  50008 Len=43"
"199","4.643252","66.22.231.191","192.168.0.200","RTCP","94","Receiver Report   "
"200","4.668183","192.168.0.200","66.22.231.191","UDP","50","60773  >  50008 Len=8"
"201","4.690344","66.22.231.191","192.168.0.200","UDP","60","50008  >  60773 Len=8"
"203","4.737007","66.22.231.191","192.168.0.200","UDP","127","50008  >  60773 Len=85"
"204","4.756751","66.22.231.191","192.168.0.200","UDP","127","50008  >  60773 Len=85"
"205","4.775479","66.22.231.191","192.168.0.200","UDP","127","50008  >  60773 Len=85"
"206","4.797290","66.22.231.191","192.168.0.200","UDP","146","50008  >  60773 Len=104"
"207","4.817091","66.22.231.191","192.168.0.200","UDP","205","50008  >  60773 Len=163"
"208","4.833863","66.22.231.191","192.168.0.200","UDP","255","50008  >  60773 Len=213"
"209","4.854282","66.22.231.191","192.168.0.200","UDP","244","50008  >  60773 Len=202"
"210","4.877951","66.22.231.191","192.168.0.200","UDP","252","50008  >  60773 Len=210"
"211","4.896168","66.22.231.191","192.168.0.200","UDP","252","50008  >  60773 Len=210"
"212","4.914528","66.22.231.191","192.168.0.200","UDP","259","50008  >  60773 Len=217"
"213","4.934551","66.22.231.191","192.168.0.200","UDP","248","50008  >  60773 Len=206"
"214","4.956087","66.22.231.191","192.168.0.200","UDP","249","50008  >  60773 Len=207"
"215","4.982290","66.22.231.191","192.168.0.200","UDP","247","50008  >  60773 Len=205"
"216","4.996537","66.22.231.191","192.168.0.200","UDP","249","50008  >  60773 Len=207"
"217","5.013970","66.22.231.191","192.168.0.200","UDP","250","50008  >  60773 Len=208"
"218","5.034173","66.22.231.191","192.168.0.200","UDP","236","50008  >  60773 Len=194"
"219","5.058964","66.22.231.191","192.168.0.200","UDP","236","50008  >  60773 Len=194"
"220","5.076363","66.22.231.191","192.168.0.200","UDP","256","50008  >  60773 Len=214"
"221","5.094054","66.22.231.191","192.168.0.200","UDP","267","50008  >  60773 Len=225"
"222","5.115983","66.22.231.191","192.168.0.200","UDP","257","50008  >  60773 Len=215"
"223","5.136354","66.22.231.191","192.168.0.200","UDP","253","50008  >  60773 Len=211"
"224","5.156556","66.22.231.191","192.168.0.200","UDP","251","50008  >  60773 Len=209"
"225","5.176315","66.22.231.191","192.168.0.200","UDP","249","50008  >  60773 Len=207"
"226","5.196451","66.22.231.191","192.168.0.200","UDP","247","50008  >  60773 Len=205"
"227","5.213890","66.22.231.191","192.168.0.200","UDP","239","50008  >  60773 Len=197"
"228","5.237967","66.22.231.191","192.168.0.200","UDP","220","50008  >  60773 Len=178"
"229","5.254930","66.22.231.191","192.168.0.200","UDP","221","50008  >  60773 Len=179"
"230","5.274519","66.22.231.191","192.168.0.200","UDP","248","50008  >  60773 Len=206"
"231","5.298079","66.22.231.191","192.168.0.200","UDP","246","50008  >  60773 Len=204"
"232","5.315292","66.22.231.191","192.168.0.200","UDP","247","50008  >  60773 Len=205"
"233","5.335351","66.22.231.191","192.168.0.200","UDP","255","50008  >  60773 Len=213"
"234","5.354232","66.22.231.191","192.168.0.200","UDP","262","50008  >  60773 Len=220"
"235","5.375556","66.22.231.191","192.168.0.200","UDP","255","50008  >  60773 Len=213"
"236","5.395489","66.22.231.191","192.168.0.200","UDP","254","50008  >  60773 Len=212"
"238","5.414272","66.22.231.191","192.168.0.200","UDP","247","50008  >  60773 Len=205"
"239","5.436756","66.22.231.191","192.168.0.200","UDP","242","50008  >  60773 Len=200"
"241","5.456855","66.22.231.191","192.168.0.200","UDP","235","50008  >  60773 Len=193"
"242","5.473942","66.22.231.191","192.168.0.200","UDP","243","50008  >  60773 Len=201"
"243","5.493845","66.22.231.191","192.168.0.200","UDP","256","50008  >  60773 Len=214"
"244","5.514216","66.22.231.191","192.168.0.200","UDP","250","50008  >  60773 Len=208"
"246","5.536035","66.22.231.191","192.168.0.200","UDP","236","50008  >  60773 Len=194"
"247","5.555964","66.22.231.191","192.168.0.200","UDP","242","50008  >  60773 Len=200"
"248","5.575937","66.22.231.191","192.168.0.200","UDP","248","50008  >  60773 Len=206"
"249","5.594971","66.22.231.191","192.168.0.200","UDP","243","50008  >  60773 Len=201"
"250","5.616304","66.22.231.191","192.168.0.200","UDP","241","50008  >  60773 Len=199"
"251","5.634280","66.22.231.191","192.168.0.200","UDP","240","50008  >  60773 Len=198"
"252","5.642843","66.22.231.191","192.168.0.200","RTCP","94","Receiver Report   "
"253","5.654003","66.22.231.191","192.168.0.200","UDP","238","50008  >  60773 Len=196"
"254","5.674440","66.22.231.191","192.168.0.200","UDP","244","50008  >  60773 Len=202"
"255","5.696694","66.22.231.191","192.168.0.200","UDP","250","50008  >  60773 Len=208"
"256","5.714315","66.22.231.191","192.168.0.200","UDP","250","50008  >  60773 Len=208"
"257","5.734828","66.22.231.191","192.168.0.200","UDP","230","50008  >  60773 Len=188"
"258","5.759341","66.22.231.191","192.168.0.200","UDP","234","50008  >  60773 Len=192"
"259","5.773734","66.22.231.191","192.168.0.200","UDP","230","50008  >  60773 Len=188"
"260","5.794565","66.22.231.191","192.168.0.200","UDP","246","50008  >  60773 Len=204"
"261","5.816210","66.22.231.191","192.168.0.200","UDP","251","50008  >  60773 Len=209"
"263","5.836911","66.22.231.191","192.168.0.200","UDP","251","50008  >  60773 Len=209"
"264","5.854650","66.22.231.191","192.168.0.200","UDP","242","50008  >  60773 Len=200"
"265","5.874736","66.22.231.191","192.168.0.200","UDP","235","50008  >  60773 Len=193"
"266","5.894317","66.22.231.191","192.168.0.200","UDP","239","50008  >  60773 Len=197"
"267","5.916086","66.22.231.191","192.168.0.200","UDP","241","50008  >  60773 Len=199"
"268","5.939027","66.22.231.191","192.168.0.200","UDP","242","50008  >  60773 Len=200"
"269","5.958485","66.22.231.191","192.168.0.200","UDP","243","50008  >  60773 Len=201"
"270","5.997260","66.22.231.191","192.168.0.200","UDP","252","50008  >  60773 Len=210"
"271","6.000120","66.22.231.191","192.168.0.200","UDP","251","50008  >  60773 Len=209"
"272","6.016402","66.22.231.191","192.168.0.200","UDP","255","50008  >  60773 Len=213"
"273","6.034170","66.22.231.191","192.168.0.200","UDP","251","50008  >  60773 Len=209"
"275","6.059199","66.22.231.191","192.168.0.200","UDP","246","50008  >  60773 Len=204"
"276","6.074211","66.22.231.191","192.168.0.200","UDP","249","50008  >  60773 Len=207"
"277","6.094966","66.22.231.191","192.168.0.200","UDP","254","50008  >  60773 Len=212"
"278","6.121858","66.22.231.191","192.168.0.200","UDP","240","50008  >  60773 Len=198"
"279","6.134553","66.22.231.191","192.168.0.200","UDP","244","50008  >  60773 Len=202"
"282","6.153914","66.22.231.191","192.168.0.200","UDP","249","50008  >  60773 Len=207"
"283","6.175350","66.22.231.191","192.168.0.200","UDP","237","50008  >  60773 Len=195"
"284","6.194763","66.22.231.191","192.168.0.200","UDP","240","50008  >  60773 Len=198"
"285","6.214216","66.22.231.191","192.168.0.200","UDP","241","50008  >  60773 Len=199"
"286","6.235785","66.22.231.191","192.168.0.200","UDP","241","50008  >  60773 Len=199"
"287","6.256330","66.22.231.191","192.168.0.200","UDP","236","50008  >  60773 Len=194"
"288","6.276331","66.22.231.191","192.168.0.200","UDP","246","50008  >  60773 Len=204"
"289","6.294004","66.22.231.191","192.168.0.200","UDP","232","50008  >  60773 Len=190"
"290","6.317092","66.22.231.191","192.168.0.200","UDP","229","50008  >  60773 Len=187"
"291","6.334333","66.22.231.191","192.168.0.200","UDP","232","50008  >  60773 Len=190"
"292","6.337305","192.168.0.200","66.22.231.191","RTCP","94","Receiver Report   "
"295","6.356346","66.22.231.191","192.168.0.200","UDP","237","50008  >  60773 Len=195"
"296","6.374350","66.22.231.191","192.168.0.200","UDP","233","50008  >  60773 Len=191"
"297","6.394512","66.22.231.191","192.168.0.200","UDP","241","50008  >  60773 Len=199"
"298","6.415738","66.22.231.191","192.168.0.200","UDP","244","50008  >  60773 Len=202"
"299","6.433783","66.22.231.191","192.168.0.200","UDP","245","50008  >  60773 Len=203"
"301","6.454351","66.22.231.191","192.168.0.200","UDP","245","50008  >  60773 Len=203"
"302","6.474183","66.22.231.191","192.168.0.200","UDP","231","50008  >  60773 Len=189"
"303","6.496632","66.22.231.191","192.168.0.200","UDP","85","50008  >  60773 Len=43"
"304","6.516023","66.22.231.191","192.168.0.200","UDP","235","50008  >  60773 Len=193"
"305","6.535829","66.22.231.191","192.168.0.200","UDP","239","50008  >  60773 Len=197"
"306","6.554332","66.22.231.191","192.168.0.200","UDP","233","50008  >  60773 Len=191"
"307","6.576033","66.22.231.191","192.168.0.200","UDP","245","50008  >  60773 Len=203"
"310","6.593890","66.22.231.191","192.168.0.200","UDP","235","50008  >  60773 Len=193"
"311","6.615060","66.22.231.191","192.168.0.200","UDP","250","50008  >  60773 Len=208"
"312","6.636246","66.22.231.191","192.168.0.200","UDP","242","50008  >  60773 Len=200"
"313","6.642665","66.22.231.191","192.168.0.200","RTCP","94","Receiver Report   "
"314","6.656204","66.22.231.191","192.168.0.200","UDP","206","50008  >  60773 Len=164"
"315","6.676719","66.22.231.191","192.168.0.200","UDP","236","50008  >  60773 Len=194"
"316","6.693832","66.22.231.191","192.168.0.200","UDP","241","50008  >  60773 Len=199"
"317","6.714569","66.22.231.191","192.168.0.200","UDP","245","50008  >  60773 Len=203"
"318","6.736191","66.22.231.191","192.168.0.200","UDP","234","50008  >  60773 Len=192"
"319","6.754670","66.22.231.191","192.168.0.200","UDP","237","50008  >  60773 Len=195"
"320","6.775784","66.22.231.191","192.168.0.200","UDP","237","50008  >  60773 Len=195"
"321","6.794241","66.22.231.191","192.168.0.200","UDP","246","50008  >  60773 Len=204"
"322","6.816333","66.22.231.191","192.168.0.200","UDP","235","50008  >  60773 Len=193"
"323","6.834917","66.22.231.191","192.168.0.200","UDP","235","50008  >  60773 Len=193"
"324","6.856343","66.22.231.191","192.168.0.200","UDP","222","50008  >  60773 Len=180"
"326","6.878089","66.22.231.191","192.168.0.200","UDP","215","50008  >  60773 Len=173"
"327","6.895842","66.22.231.191","192.168.0.200","UDP","85","50008  >  60773 Len=43"
"328","6.920345","66.22.231.191","192.168.0.200","UDP","85","50008  >  60773 Len=43"
"329","6.936764","66.22.231.191","192.168.0.200","UDP","85","50008  >  60773 Len=43"
"330","6.953939","66.22.231.191","192.168.0.200","UDP","85","50008  >  60773 Len=43"
"331","6.973836","66.22.231.191","192.168.0.200","UDP","85","50008  >  60773 Len=43"
"332","6.994746","66.22.231.191","192.168.0.200","UDP","85","50008  >  60773 Len=43"
"333","7.017458","66.22.231.191","192.168.0.200","UDP","85","50008  >  60773 Len=43"
"334","7.037990","66.22.231.191","192.168.0.200","UDP","85","50008  >  60773 Len=43"
"336","7.058896","66.22.231.191","192.168.0.200","UDP","85","50008  >  60773 Len=43"
"337","7.076081","66.22.231.191","192.168.0.200","UDP","85","50008  >  60773 Len=43"
"338","7.162366","192.168.0.200","66.22.231.191","UDP","127","60773  >  50008 Len=85"
"341","7.180560","192.168.0.200","66.22.231.191","UDP","127","60773  >  50008 Len=85"
"342","7.203855","192.168.0.200","66.22.231.191","UDP","133","60773  >  50008 Len=91"
"343","7.222443","192.168.0.200","66.22.231.191","UDP","132","60773  >  50008 Len=90"
"344","7.238938","192.168.0.200","66.22.231.191","UDP","207","60773  >  50008 Len=165"
"345","7.262432","192.168.0.200","66.22.231.191","UDP","244","60773  >  50008 Len=202"
"346","7.280848","192.168.0.200","66.22.231.191","UDP","245","60773  >  50008 Len=203"
"347","7.298942","192.168.0.200","66.22.231.191","UDP","254","60773  >  50008 Len=212"
"348","7.322324","192.168.0.200","66.22.231.191","UDP","254","60773  >  50008 Len=212"
"349","7.340703","192.168.0.200","66.22.231.191","UDP","255","60773  >  50008 Len=213"
"350","7.364539","192.168.0.200","66.22.231.191","UDP","255","60773  >  50008 Len=213"
"351","7.382165","192.168.0.200","66.22.231.191","UDP","247","60773  >  50008 Len=205"
"352","7.400575","192.168.0.200","66.22.231.191","UDP","244","60773  >  50008 Len=202"
"353","7.424501","192.168.0.200","66.22.231.191","UDP","256","60773  >  50008 Len=214"
"355","7.442062","192.168.0.200","66.22.231.191","UDP","261","60773  >  50008 Len=219"
"358","7.460372","192.168.0.200","66.22.231.191","UDP","255","60773  >  50008 Len=213"
"360","7.478845","192.168.0.200","66.22.231.191","UDP","246","60773  >  50008 Len=204"
"361","7.502419","192.168.0.200","66.22.231.191","UDP","248","60773  >  50008 Len=206"
"362","7.520848","192.168.0.200","66.22.231.191","UDP","250","60773  >  50008 Len=208"
"363","7.538694","192.168.0.200","66.22.231.191","UDP","251","60773  >  50008 Len=209"
"364","7.562269","192.168.0.200","66.22.231.191","UDP","252","60773  >  50008 Len=210"
"366","7.580768","192.168.0.200","66.22.231.191","UDP","253","60773  >  50008 Len=211"
"367","7.598585","192.168.0.200","66.22.231.191","UDP","257","60773  >  50008 Len=215"
"368","7.622157","192.168.0.200","66.22.231.191","UDP","255","60773  >  50008 Len=213"
"369","7.640596","192.168.0.200","66.22.231.191","UDP","240","60773  >  50008 Len=198"
"370","7.643625","66.22.231.191","192.168.0.200","RTCP","94","Receiver Report   "
"371","7.664353","192.168.0.200","66.22.231.191","UDP","244","60773  >  50008 Len=202"
"372","7.681987","192.168.0.200","66.22.231.191","UDP","254","60773  >  50008 Len=212"
"373","7.700369","192.168.0.200","66.22.231.191","UDP","252","60773  >  50008 Len=210"
"374","7.724186","192.168.0.200","66.22.231.191","UDP","255","60773  >  50008 Len=213"
"375","7.741861","192.168.0.200","66.22.231.191","UDP","248","60773  >  50008 Len=206"
"376","7.754122","192.168.0.200","66.22.231.191","RTCP","102","Sender Report   "
"377","7.760223","192.168.0.200","66.22.231.191","UDP","243","60773  >  50008 Len=201"
"378","7.778676","192.168.0.200","66.22.231.191","UDP","236","60773  >  50008 Len=194"
"379","7.802254","192.168.0.200","66.22.231.191","UDP","242","60773  >  50008 Len=200"
"380","7.820529","192.168.0.200","66.22.231.191","UDP","244","60773  >  50008 Len=202"
"381","7.838589","192.168.0.200","66.22.231.191","UDP","243","60773  >  50008 Len=201"
"382","7.862038","192.168.0.200","66.22.231.191","UDP","252","60773  >  50008 Len=210"
"383","7.880074","192.168.0.200","66.22.231.191","UDP","243","60773  >  50008 Len=201"
"384","7.902116","192.168.0.200","66.22.231.191","UDP","242","60773  >  50008 Len=200"
"385","7.920445","192.168.0.200","66.22.231.191","UDP","257","60773  >  50008 Len=215"
"386","7.938733","192.168.0.200","66.22.231.191","UDP","256","60773  >  50008 Len=214"
"387","7.962477","192.168.0.200","66.22.231.191","UDP","236","60773  >  50008 Len=194"
"388","7.977437","66.22.231.191","192.168.0.200","UDP","176","50008  >  60773 Len=134"
"389","7.979667","192.168.0.200","66.22.231.191","UDP","239","60773  >  50008 Len=197"
"390","7.998612","192.168.0.200","66.22.231.191","UDP","247","60773  >  50008 Len=205"
"391","7.999037","66.22.231.191","192.168.0.200","UDP","174","50008  >  60773 Len=132"
"392","8.022652","192.168.0.200","66.22.231.191","UDP","246","60773  >  50008 Len=204"
"393","8.034117","66.22.231.191","192.168.0.200","UDP","175","50008  >  60773 Len=133"
"394","8.034627","66.22.231.191","192.168.0.200","UDP","177","50008  >  60773 Len=135"
"395","8.040089","192.168.0.200","66.22.231.191","UDP","243","60773  >  50008 Len=201"
"396","8.053982","66.22.231.191","192.168.0.200","UDP","242","50008  >  60773 Len=200"
"397","8.058331","192.168.0.200","66.22.231.191","UDP","229","60773  >  50008 Len=187"
"398","8.075439","66.22.231.191","192.168.0.200","UDP","255","50008  >  60773 Len=213"
"399","8.082096","192.168.0.200","66.22.231.191","UDP","218","60773  >  50008 Len=176"
"400","8.094998","66.22.231.191","192.168.0.200","UDP","221","50008  >  60773 Len=179"
"401","8.099599","192.168.0.200","66.22.231.191","UDP","219","60773  >  50008 Len=177"
"402","8.118304","66.22.231.191","192.168.0.200","UDP","246","50008  >  60773 Len=204"
"403","8.122806","192.168.0.200","66.22.231.191","UDP","212","60773  >  50008 Len=170"
"404","8.136076","66.22.231.191","192.168.0.200","UDP","252","50008  >  60773 Len=210"
"405","8.140824","192.168.0.200","66.22.231.191","UDP","187","60773  >  50008 Len=145"
"406","8.154300","66.22.231.191","192.168.0.200","UDP","253","50008  >  60773 Len=211"
"407","8.158292","192.168.0.200","66.22.231.191","UDP","156","60773  >  50008 Len=114"
"408","8.174710","66.22.231.191","192.168.0.200","UDP","249","50008  >  60773 Len=207"
"409","8.182620","192.168.0.200","66.22.231.191","UDP","147","60773  >  50008 Len=105"
"411","8.193844","66.22.231.191","192.168.0.200","UDP","243","50008  >  60773 Len=201"
"412","8.200636","192.168.0.200","66.22.231.191","UDP","85","60773  >  50008 Len=43"
"414","8.214173","66.22.231.191","192.168.0.200","UDP","233","50008  >  60773 Len=191"
"415","8.218135","192.168.0.200","66.22.231.191","UDP","85","60773  >  50008 Len=43"
"416","8.233978","66.22.231.191","192.168.0.200","UDP","224","50008  >  60773 Len=182"
"417","8.242516","192.168.0.200","66.22.231.191","UDP","85","60773  >  50008 Len=43"
"418","8.257334","66.22.231.191","192.168.0.200","UDP","233","50008  >  60773 Len=191"
"419","8.260488","192.168.0.200","66.22.231.191","UDP","85","60773  >  50008 Len=43"
"420","8.275012","66.22.231.191","192.168.0.200","UDP","248","50008  >  60773 Len=206"
"421","8.278143","192.168.0.200","66.22.231.191","UDP","85","60773  >  50008 Len=43"
"423","8.296173","66.22.231.191","192.168.0.200","UDP","268","50008  >  60773 Len=226"
"424","8.302359","192.168.0.200","66.22.231.191","UDP","85","60773  >  50008 Len=43"
"425","8.315242","66.22.231.191","192.168.0.200","UDP","247","50008  >  60773 Len=205"
"426","8.320268","192.168.0.200","66.22.231.191","UDP","85","60773  >  50008 Len=43"
"427","8.334098","66.22.231.191","192.168.0.200","UDP","251","50008  >  60773 Len=209"
"428","8.338026","192.168.0.200","66.22.231.191","UDP","85","60773  >  50008 Len=43"
"429","8.361677","66.22.231.191","192.168.0.200","UDP","254","50008  >  60773 Len=212"
"430","8.362286","192.168.0.200","66.22.231.191","UDP","85","60773  >  50008 Len=43"
"431","8.375875","66.22.231.191","192.168.0.200","UDP","246","50008  >  60773 Len=204"
"432","8.380261","192.168.0.200","66.22.231.191","UDP","85","60773  >  50008 Len=43"
"433","8.402077","66.22.231.191","192.168.0.200","UDP","247","50008  >  60773 Len=205"
"434","8.418190","66.22.231.191","192.168.0.200","UDP","246","50008  >  60773 Len=204"
"435","8.440423","66.22.231.191","192.168.0.200","UDP","247","50008  >  60773 Len=205"
"436","8.457088","66.22.231.191","192.168.0.200","UDP","263","50008  >  60773 Len=221"
"437","8.474309","66.22.231.191","192.168.0.200","UDP","258","50008  >  60773 Len=216"
"438","8.495212","66.22.231.191","192.168.0.200","UDP","249","50008  >  60773 Len=207"
"439","8.515914","66.22.231.191","192.168.0.200","UDP","236","50008  >  60773 Len=194"
"440","8.535998","66.22.231.191","192.168.0.200","UDP","247","50008  >  60773 Len=205"
"441","8.556756","66.22.231.191","192.168.0.200","UDP","251","50008  >  60773 Len=209"
"442","8.574106","66.22.231.191","192.168.0.200","UDP","255","50008  >  60773 Len=213"
"443","8.594526","66.22.231.191","192.168.0.200","UDP","261","50008  >  60773 Len=219"
"444","8.614812","66.22.231.191","192.168.0.200","UDP","257","50008  >  60773 Len=215"
"445","8.634985","66.22.231.191","192.168.0.200","UDP","241","50008  >  60773 Len=199"
"446","8.643644","66.22.231.191","192.168.0.200","RTCP","94","Receiver Report   "
"447","8.654558","66.22.231.191","192.168.0.200","UDP","249","50008  >  60773 Len=207"
"448","8.683031","66.22.231.191","192.168.0.200","UDP","255","50008  >  60773 Len=213"
"449","8.729734","66.22.231.191","192.168.0.200","UDP","254","50008  >  60773 Len=212"
"450","8.730988","66.22.231.191","192.168.0.200","UDP","253","50008  >  60773 Len=211"
"451","8.738349","66.22.231.191","192.168.0.200","UDP","246","50008  >  60773 Len=204"
"452","8.755860","66.22.231.191","192.168.0.200","UDP","237","50008  >  60773 Len=195"
"453","8.779378","66.22.231.191","192.168.0.200","UDP","234","50008  >  60773 Len=192"
"454","8.799214","66.22.231.191","192.168.0.200","UDP","235","50008  >  60773 Len=193"
"455","8.819124","66.22.231.191","192.168.0.200","UDP","239","50008  >  60773 Len=197"
"456","8.836774","66.22.231.191","192.168.0.200","UDP","237","50008  >  60773 Len=195"
"457","8.854471","66.22.231.191","192.168.0.200","UDP","246","50008  >  60773 Len=204"
"458","8.877364","66.22.231.191","192.168.0.200","UDP","247","50008  >  60773 Len=205"
"459","8.896053","66.22.231.191","192.168.0.200","UDP","243","50008  >  60773 Len=201"
"460","8.904444","192.168.0.200","66.22.231.191","RTCP","94","Receiver Report   "
"461","8.915921","66.22.231.191","192.168.0.200","UDP","232","50008  >  60773 Len=190"
"463","8.933659","66.22.231.191","192.168.0.200","UDP","220","50008  >  60773 Len=178"
"465","8.954341","66.22.231.191","192.168.0.200","UDP","222","50008  >  60773 Len=180"
"466","8.974946","66.22.231.191","192.168.0.200","UDP","246","50008  >  60773 Len=204"
"467","9.000364","66.22.231.191","192.168.0.200","UDP","236","50008  >  60773 Len=194"
"468","9.016575","66.22.231.191","192.168.0.200","UDP","244","50008  >  60773 Len=202"
"469","9.033629","66.22.231.191","192.168.0.200","UDP","214","50008  >  60773 Len=172"
"470","9.054029","66.22.231.191","192.168.0.200","UDP","229","50008  >  60773 Len=187"
"471","9.075788","66.22.231.191","192.168.0.200","UDP","215","50008  >  60773 Len=173"
"472","9.094021","66.22.231.191","192.168.0.200","UDP","203","50008  >  60773 Len=161"
"473","9.116724","66.22.231.191","192.168.0.200","UDP","207","50008  >  60773 Len=165"
"474","9.134227","66.22.231.191","192.168.0.200","UDP","202","50008  >  60773 Len=160"
"475","9.156785","66.22.231.191","192.168.0.200","UDP","85","50008  >  60773 Len=43"
"476","9.174189","66.22.231.191","192.168.0.200","UDP","85","50008  >  60773 Len=43"
"477","9.196512","66.22.231.191","192.168.0.200","UDP","85","50008  >  60773 Len=43"
"478","9.214979","66.22.231.191","192.168.0.200","UDP","85","50008  >  60773 Len=43"
"479","9.234157","66.22.231.191","192.168.0.200","UDP","85","50008  >  60773 Len=43"
"480","9.254387","66.22.231.191","192.168.0.200","UDP","85","50008  >  60773 Len=43"
"481","9.273987","66.22.231.191","192.168.0.200","UDP","85","50008  >  60773 Len=43"
"482","9.295152","66.22.231.191","192.168.0.200","UDP","85","50008  >  60773 Len=43"
"483","9.314231","66.22.231.191","192.168.0.200","UDP","85","50008  >  60773 Len=43"
"484","9.335318","66.22.231.191","192.168.0.200","UDP","85","50008  >  60773 Len=43"
"485","9.616441","66.22.231.191","192.168.0.200","UDP","187","50008  >  60773 Len=145"
"486","9.634336","66.22.231.191","192.168.0.200","UDP","193","50008  >  60773 Len=151"
"487","9.642808","66.22.231.191","192.168.0.200","RTCP","94","Receiver Report   "
"488","9.656020","66.22.231.191","192.168.0.200","UDP","193","50008  >  60773 Len=151"
"489","9.668279","192.168.0.200","66.22.231.191","UDP","50","60773  >  50008 Len=8"
"490","9.674283","66.22.231.191","192.168.0.200","UDP","196","50008  >  60773 Len=154"
"491","9.686413","66.22.231.191","192.168.0.200","UDP","60","50008  >  60773 Len=8"
"492","9.696801","66.22.231.191","192.168.0.200","UDP","202","50008  >  60773 Len=160"
"496","9.717711","66.22.231.191","192.168.0.200","UDP","231","50008  >  60773 Len=189"
"497","9.736247","66.22.231.191","192.168.0.200","UDP","249","50008  >  60773 Len=207"
"498","9.753779","66.22.231.191","192.168.0.200","UDP","227","50008  >  60773 Len=185"
"499","9.775126","66.22.231.191","192.168.0.200","UDP","253","50008  >  60773 Len=211"
"500","9.798709","66.22.231.191","192.168.0.200","UDP","246","50008  >  60773 Len=204"
"501","9.815885","66.22.231.191","192.168.0.200","UDP","247","50008  >  60773 Len=205"
"502","9.834615","66.22.231.191","192.168.0.200","UDP","239","50008  >  60773 Len=197"
"503","9.854042","66.22.231.191","192.168.0.200","UDP","258","50008  >  60773 Len=216"
"504","9.875935","66.22.231.191","192.168.0.200","UDP","267","50008  >  60773 Len=225"
"505","9.895718","66.22.231.191","192.168.0.200","UDP","253","50008  >  60773 Len=211"
"506","9.914976","66.22.231.191","192.168.0.200","UDP","261","50008  >  60773 Len=219"
"507","9.934848","66.22.231.191","192.168.0.200","UDP","247","50008  >  60773 Len=205"
"508","9.954214","66.22.231.191","192.168.0.200","UDP","231","50008  >  60773 Len=189"
"509","9.974065","66.22.231.191","192.168.0.200","UDP","228","50008  >  60773 Len=186"
"510","9.993951","66.22.231.191","192.168.0.200","UDP","228","50008  >  60773 Len=186"
"511","10.013802","66.22.231.191","192.168.0.200","UDP","222","50008  >  60773 Len=180"
"512","10.034151","66.22.231.191","192.168.0.200","UDP","238","50008  >  60773 Len=196"
"513","10.054210","66.22.231.191","192.168.0.200","UDP","239","50008  >  60773 Len=197"
"514","10.074818","66.22.231.191","192.168.0.200","UDP","248","50008  >  60773 Len=206"
"515","10.096830","66.22.231.191","192.168.0.200","UDP","262","50008  >  60773 Len=220"
"516","10.113841","66.22.231.191","192.168.0.200","UDP","252","50008  >  60773 Len=210"
"517","10.133876","66.22.231.191","192.168.0.200","UDP","245","50008  >  60773 Len=203"
"518","10.154484","66.22.231.191","192.168.0.200","UDP","253","50008  >  60773 Len=211"
"519","10.174110","66.22.231.191","192.168.0.200","UDP","238","50008  >  60773 Len=196"
"520","10.196405","66.22.231.191","192.168.0.200","UDP","256","50008  >  60773 Len=214"
"521","10.213810","66.22.231.191","192.168.0.200","UDP","253","50008  >  60773 Len=211"
"522","10.235186","66.22.231.191","192.168.0.200","UDP","253","50008  >  60773 Len=211"
"523","10.256790","66.22.231.191","192.168.0.200","UDP","261","50008  >  60773 Len=219"
"524","10.273952","66.22.231.191","192.168.0.200","UDP","244","50008  >  60773 Len=202"
"525","10.295471","66.22.231.191","192.168.0.200","UDP","242","50008  >  60773 Len=200"
"526","10.315741","66.22.231.191","192.168.0.200","UDP","257","50008  >  60773 Len=215"
"527","10.334961","66.22.231.191","192.168.0.200","UDP","257","50008  >  60773 Len=215"
"528","10.357304","66.22.231.191","192.168.0.200","UDP","242","50008  >  60773 Len=200"
"529","10.376837","66.22.231.191","192.168.0.200","UDP","248","50008  >  60773 Len=206"
"530","10.394044","66.22.231.191","192.168.0.200","UDP","252","50008  >  60773 Len=210"
"531","10.416044","66.22.231.191","192.168.0.200","UDP","258","50008  >  60773 Len=216"
"532","10.436292","66.22.231.191","192.168.0.200","UDP","253","50008  >  60773 Len=211"
"533","10.454058","66.22.231.191","192.168.0.200","UDP","248","50008  >  60773 Len=206"
"534","10.475906","66.22.231.191","192.168.0.200","UDP","240","50008  >  60773 Len=198"
"535","10.495119","66.22.231.191","192.168.0.200","UDP","234","50008  >  60773 Len=192"
"536","10.515492","66.22.231.191","192.168.0.200","UDP","227","50008  >  60773 Len=185"
"537","10.537266","66.22.231.191","192.168.0.200","UDP","218","50008  >  60773 Len=176"
"539","10.555945","66.22.231.191","192.168.0.200","UDP","231","50008  >  60773 Len=189"
"540","10.576407","66.22.231.191","192.168.0.200","UDP","238","50008  >  60773 Len=196"
"541","10.594295","66.22.231.191","192.168.0.200","UDP","232","50008  >  60773 Len=190"
"542","10.617125","66.22.231.191","192.168.0.200","UDP","231","50008  >  60773 Len=189"
"543","10.638601","66.22.231.191","192.168.0.200","UDP","237","50008  >  60773 Len=195"
"544","10.643127","66.22.231.191","192.168.0.200","RTCP","94","Receiver Report   "
"545","10.666436","66.22.231.191","192.168.0.200","UDP","242","50008  >  60773 Len=200"
"546","10.673828","66.22.231.191","192.168.0.200","UDP","253","50008  >  60773 Len=211"
"547","10.693964","66.22.231.191","192.168.0.200","UDP","260","50008  >  60773 Len=218"
"548","10.714321","66.22.231.191","192.168.0.200","UDP","241","50008  >  60773 Len=199"
"549","10.736357","66.22.231.191","192.168.0.200","UDP","244","50008  >  60773 Len=202"
"550","10.756364","66.22.231.191","192.168.0.200","UDP","238","50008  >  60773 Len=196"
"551","10.774642","66.22.231.191","192.168.0.200","UDP","240","50008  >  60773 Len=198"
"552","10.793813","66.22.231.191","192.168.0.200","UDP","259","50008  >  60773 Len=217"
"553","10.817058","66.22.231.191","192.168.0.200","UDP","253","50008  >  60773 Len=211"
"554","10.834762","66.22.231.191","192.168.0.200","UDP","243","50008  >  60773 Len=201"
"556","10.859799","66.22.231.191","192.168.0.200","UDP","250","50008  >  60773 Len=208"
"557","10.878573","66.22.231.191","192.168.0.200","UDP","255","50008  >  60773 Len=213"
"558","10.896656","66.22.231.191","192.168.0.200","UDP","244","50008  >  60773 Len=202"
"559","10.914084","66.22.231.191","192.168.0.200","UDP","245","50008  >  60773 Len=203"
"560","10.935863","66.22.231.191","192.168.0.200","UDP","250","50008  >  60773 Len=208"
"561","10.955684","66.22.231.191","192.168.0.200","UDP","257","50008  >  60773 Len=215"
"562","10.974242","66.22.231.191","192.168.0.200","UDP","253","50008  >  60773 Len=211"
"563","10.994912","66.22.231.191","192.168.0.200","UDP","251","50008  >  60773 Len=209"
"564","11.016040","66.22.231.191","192.168.0.200","UDP","256","50008  >  60773 Len=214"
"565","11.035025","66.22.231.191","192.168.0.200","UDP","242","50008  >  60773 Len=200"
"566","11.058125","66.22.231.191","192.168.0.200","UDP","237","50008  >  60773 Len=195"
"567","11.076192","66.22.231.191","192.168.0.200","UDP","255","50008  >  60773 Len=213"
"568","11.094102","66.22.231.191","192.168.0.200","UDP","260","50008  >  60773 Len=218"
"569","11.116751","66.22.231.191","192.168.0.200","UDP","236","50008  >  60773 Len=194"
"570","11.135863","66.22.231.191","192.168.0.200","UDP","233","50008  >  60773 Len=191"
"571","11.157700","66.22.231.191","192.168.0.200","UDP","245","50008  >  60773 Len=203"
"572","11.178635","66.22.231.191","192.168.0.200","UDP","255","50008  >  60773 Len=213"
"573","11.196061","66.22.231.191","192.168.0.200","UDP","253","50008  >  60773 Len=211"
"574","11.217235","66.22.231.191","192.168.0.200","UDP","260","50008  >  60773 Len=218"
"575","11.237925","66.22.231.191","192.168.0.200","UDP","258","50008  >  60773 Len=216"
"576","11.255091","66.22.231.191","192.168.0.200","UDP","258","50008  >  60773 Len=216"
"577","11.276761","66.22.231.191","192.168.0.200","UDP","263","50008  >  60773 Len=221"
"578","11.293965","66.22.231.191","192.168.0.200","UDP","249","50008  >  60773 Len=207"
"579","11.319138","66.22.231.191","192.168.0.200","UDP","248","50008  >  60773 Len=206"
"580","11.336181","66.22.231.191","192.168.0.200","UDP","239","50008  >  60773 Len=197"
"581","11.356575","66.22.231.191","192.168.0.200","UDP","235","50008  >  60773 Len=193"
"582","11.376281","66.22.231.191","192.168.0.200","UDP","236","50008  >  60773 Len=194"
"583","11.396490","66.22.231.191","192.168.0.200","UDP","232","50008  >  60773 Len=190"
"584","11.413808","66.22.231.191","192.168.0.200","UDP","232","50008  >  60773 Len=190"
"585","11.434528","66.22.231.191","192.168.0.200","UDP","243","50008  >  60773 Len=201"
"586","11.458978","66.22.231.191","192.168.0.200","UDP","248","50008  >  60773 Len=206"
"587","11.478145","66.22.231.191","192.168.0.200","UDP","260","50008  >  60773 Len=218"
"588","11.493863","66.22.231.191","192.168.0.200","UDP","254","50008  >  60773 Len=212"
"589","11.513957","66.22.231.191","192.168.0.200","UDP","242","50008  >  60773 Len=200"
"591","11.534117","66.22.231.191","192.168.0.200","UDP","240","50008  >  60773 Len=198"
"592","11.538920","192.168.0.200","66.22.231.191","UDP","167","60773  >  50008 Len=125"
"594","11.554454","66.22.231.191","192.168.0.200","UDP","229","50008  >  60773 Len=187"
"595","11.562435","192.168.0.200","66.22.231.191","UDP","174","60773  >  50008 Len=132"
"596","11.576155","66.22.231.191","192.168.0.200","UDP","216","50008  >  60773 Len=174"
"597","11.582755","192.168.0.200","66.22.231.191","UDP","183","60773  >  50008 Len=141"
"598","11.593804","66.22.231.191","192.168.0.200","UDP","212","50008  >  60773 Len=170"
"599","11.598525","192.168.0.200","66.22.231.191","UDP","252","60773  >  50008 Len=210"
"600","11.616223","66.22.231.191","192.168.0.200","UDP","186","50008  >  60773 Len=144"
"601","11.622346","192.168.0.200","66.22.231.191","UDP","245","60773  >  50008 Len=203"
"602","11.639852","192.168.0.200","66.22.231.191","UDP","221","60773  >  50008 Len=179"
"603","11.651622","66.22.231.191","192.168.0.200","RTCP","94","Receiver Report   "
"604","11.655947","66.22.231.191","192.168.0.200","UDP","203","50008  >  60773 Len=161"
"605","11.658414","192.168.0.200","66.22.231.191","UDP","247","60773  >  50008 Len=205"
"606","11.662284","66.22.231.191","192.168.0.200","UDP","188","50008  >  60773 Len=146"
"607","11.674928","66.22.231.191","192.168.0.200","UDP","187","50008  >  60773 Len=145"
"608","11.682337","192.168.0.200","66.22.231.191","UDP","238","60773  >  50008 Len=196"
"609","11.698497","192.168.0.200","66.22.231.191","UDP","240","60773  >  50008 Len=198"
"610","11.700545","66.22.231.191","192.168.0.200","UDP","195","50008  >  60773 Len=153"
"611","11.714053","66.22.231.191","192.168.0.200","UDP","193","50008  >  60773 Len=151"
"612","11.720561","192.168.0.200","66.22.231.191","UDP","246","60773  >  50008 Len=204"
"613","11.734421","66.22.231.191","192.168.0.200","UDP","85","50008  >  60773 Len=43"
"614","11.738729","192.168.0.200","66.22.231.191","UDP","243","60773  >  50008 Len=201"
"616","11.756375","66.22.231.191","192.168.0.200","UDP","85","50008  >  60773 Len=43"
"617","11.761982","192.168.0.200","66.22.231.191","UDP","240","60773  >  50008 Len=198"
"618","11.775105","66.22.231.191","192.168.0.200","UDP","85","50008  >  60773 Len=43"
"619","11.780491","192.168.0.200","66.22.231.191","UDP","238","60773  >  50008 Len=196"
"621","11.793977","66.22.231.191","192.168.0.200","UDP","85","50008  >  60773 Len=43"
"622","11.798477","192.168.0.200","66.22.231.191","UDP","227","60773  >  50008 Len=185"
"623","11.814343","66.22.231.191","192.168.0.200","UDP","85","50008  >  60773 Len=43"
"624","11.821930","192.168.0.200","66.22.231.191","UDP","201","60773  >  50008 Len=159"
"625","11.834723","66.22.231.191","192.168.0.200","UDP","85","50008  >  60773 Len=43"
"627","11.840326","192.168.0.200","66.22.231.191","UDP","180","60773  >  50008 Len=138"
"628","11.854209","66.22.231.191","192.168.0.200","UDP","85","50008  >  60773 Len=43"
"629","11.864151","192.168.0.200","66.22.231.191","UDP","135","60773  >  50008 Len=93"
"631","11.877840","66.22.231.191","192.168.0.200","UDP","85","50008  >  60773 Len=43"
"632","11.881755","192.168.0.200","66.22.231.191","UDP","131","60773  >  50008 Len=89"
"633","11.895929","66.22.231.191","192.168.0.200","UDP","85","50008  >  60773 Len=43"
"634","11.900130","192.168.0.200","66.22.231.191","UDP","140","60773  >  50008 Len=98"
"636","11.914202","66.22.231.191","192.168.0.200","UDP","85","50008  >  60773 Len=43"
"637","11.919137","192.168.0.200","66.22.231.191","UDP","85","60773  >  50008 Len=43"
"639","11.942307","192.168.0.200","66.22.231.191","UDP","85","60773  >  50008 Len=43"
"640","11.960639","192.168.0.200","66.22.231.191","UDP","85","60773  >  50008 Len=43"
"642","11.984390","192.168.0.200","66.22.231.191","UDP","85","60773  >  50008 Len=43"
"643","12.004034","192.168.0.200","66.22.231.191","UDP","85","60773  >  50008 Len=43"
"644","12.020354","192.168.0.200","66.22.231.191","UDP","85","60773  >  50008 Len=43"
"645","12.044214","192.168.0.200","66.22.231.191","UDP","85","60773  >  50008 Len=43"
"646","12.061772","192.168.0.200","66.22.231.191","UDP","85","60773  >  50008 Len=43"
"647","12.080225","192.168.0.200","66.22.231.191","UDP","85","60773  >  50008 Len=43"
"648","12.102588","192.168.0.200","66.22.231.191","UDP","85","60773  >  50008 Len=43"
"650","12.222444","192.168.0.200","66.22.231.191","UDP","132","60773  >  50008 Len=90"
"652","12.239983","192.168.0.200","66.22.231.191","UDP","138","60773  >  50008 Len=96"
"653","12.258777","192.168.0.200","66.22.231.191","UDP","129","60773  >  50008 Len=87"
"654","12.282636","192.168.0.200","66.22.231.191","UDP","149","60773  >  50008 Len=107"
"655","12.300136","192.168.0.200","66.22.231.191","UDP","226","60773  >  50008 Len=184"
"656","12.318645","192.168.0.200","66.22.231.191","UDP","256","60773  >  50008 Len=214"
"657","12.342469","192.168.0.200","66.22.231.191","UDP","229","60773  >  50008 Len=187"
"658","12.359997","192.168.0.200","66.22.231.191","UDP","244","60773  >  50008 Len=202"
"659","12.378591","192.168.0.200","66.22.231.191","UDP","251","60773  >  50008 Len=209"
"660","12.400962","192.168.0.200","66.22.231.191","UDP","255","60773  >  50008 Len=213"
"661","12.418356","192.168.0.200","66.22.231.191","UDP","261","60773  >  50008 Len=219"
"662","12.442595","192.168.0.200","66.22.231.191","UDP","250","60773  >  50008 Len=208"
"663","12.460844","192.168.0.200","66.22.231.191","UDP","240","60773  >  50008 Len=198"
"664","12.478176","192.168.0.200","66.22.231.191","UDP","237","60773  >  50008 Len=195"
"665","12.502634","192.168.0.200","66.22.231.191","UDP","238","60773  >  50008 Len=196"
"666","12.520534","192.168.0.200","66.22.231.191","UDP","235","60773  >  50008 Len=193"
"667","12.544050","192.168.0.200","66.22.231.191","UDP","220","60773  >  50008 Len=178"
"668","12.562516","192.168.0.200","66.22.231.191","UDP","217","60773  >  50008 Len=175"
"669","12.580388","192.168.0.200","66.22.231.191","UDP","215","60773  >  50008 Len=173"
"670","12.603928","192.168.0.200","66.22.231.191","UDP","254","60773  >  50008 Len=212"
"671","12.622334","192.168.0.200","66.22.231.191","UDP","266","60773  >  50008 Len=224"
"672","12.640235","192.168.0.200","66.22.231.191","UDP","256","60773  >  50008 Len=214"
"673","12.651959","66.22.231.191","192.168.0.200","RTCP","94","Receiver Report   "
"674","12.663776","192.168.0.200","66.22.231.191","UDP","254","60773  >  50008 Len=212"
"675","12.682117","192.168.0.200","66.22.231.191","UDP","240","60773  >  50008 Len=198"
"676","12.700438","192.168.0.200","66.22.231.191","UDP","242","60773  >  50008 Len=200"
"677","12.723559","192.168.0.200","66.22.231.191","UDP","256","60773  >  50008 Len=214"
"678","12.743085","192.168.0.200","66.22.231.191","UDP","249","60773  >  50008 Len=207"
"679","12.761007","192.168.0.200","66.22.231.191","UDP","253","60773  >  50008 Len=211"
"680","12.778426","192.168.0.200","66.22.231.191","UDP","250","60773  >  50008 Len=208"
"681","12.802789","192.168.0.200","66.22.231.191","UDP","244","60773  >  50008 Len=202"
"682","12.820623","192.168.0.200","66.22.231.191","UDP","245","60773  >  50008 Len=203"
"683","12.862229","192.168.0.200","66.22.231.191","UDP","260","60773  >  50008 Len=218"
"684","12.863561","192.168.0.200","66.22.231.191","UDP","247","60773  >  50008 Len=205"
"685","12.880427","192.168.0.200","66.22.231.191","UDP","230","60773  >  50008 Len=188"
"686","12.898036","192.168.0.200","66.22.231.191","UDP","241","60773  >  50008 Len=199"
"688","12.922060","192.168.0.200","66.22.231.191","UDP","247","60773  >  50008 Len=205"
"689","12.940065","192.168.0.200","66.22.231.191","UDP","248","60773  >  50008 Len=206"
"690","12.960802","192.168.0.200","66.22.231.191","RTCP","102","Sender Report   "
"691","12.962495","192.168.0.200","66.22.231.191","UDP","250","60773  >  50008 Len=208"
"692","12.980788","192.168.0.200","66.22.231.191","UDP","241","60773  >  50008 Len=199"
"693","13.004455","192.168.0.200","66.22.231.191","UDP","257","60773  >  50008 Len=215"
"694","13.022043","192.168.0.200","66.22.231.191","UDP","261","60773  >  50008 Len=219"
"695","13.040552","192.168.0.200","66.22.231.191","UDP","251","60773  >  50008 Len=209"
"696","13.064193","192.168.0.200","66.22.231.191","UDP","244","60773  >  50008 Len=202"
"697","13.081863","192.168.0.200","66.22.231.191","UDP","243","60773  >  50008 Len=201"
"698","13.100058","192.168.0.200","66.22.231.191","UDP","240","60773  >  50008 Len=198"
"699","13.124006","192.168.0.200","66.22.231.191","UDP","252","60773  >  50008 Len=210"
"700","13.141664","192.168.0.200","66.22.231.191","UDP","242","60773  >  50008 Len=200"
"701","13.159911","192.168.0.200","66.22.231.191","UDP","231","60773  >  50008 Len=189"
"702","13.183869","192.168.0.200","66.22.231.191","UDP","224","60773  >  50008 Len=182"
"703","13.199646","192.168.0.200","66.22.231.191","UDP","218","60773  >  50008 Len=176"
"704","13.222914","192.168.0.200","66.22.231.191","UDP","206","60773  >  50008 Len=164"
"705","13.240835","192.168.0.200","66.22.231.191","UDP","159","60773  >  50008 Len=117"
"707","13.258411","192.168.0.200","66.22.231.191","UDP","179","60773  >  50008 Len=137"
"708","13.282638","192.168.0.200","66.22.231.191","UDP","252","60773  >  50008 Len=210"
"709","13.300685","192.168.0.200","66.22.231.191","UDP","254","60773  >  50008 Len=212"
"711","13.322284","192.168.0.200","66.22.231.191","UDP","229","60773  >  50008 Len=187"
"712","13.340740","192.168.0.200","66.22.231.191","UDP","223","60773  >  50008 Len=181"
"713","13.358561","192.168.0.200","66.22.231.191","UDP","240","60773  >  50008 Len=198"
"714","13.382071","192.168.0.200","66.22.231.191","UDP","247","60773  >  50008 Len=205"
"715","13.394725","66.22.231.191","192.168.0.200","UDP","140","50008  >  60773 Len=98"
"716","13.400492","192.168.0.200","66.22.231.191","UDP","258","60773  >  50008 Len=216"
"717","13.416348","66.22.231.191","192.168.0.200","UDP","132","50008  >  60773 Len=90"
"718","13.418595","192.168.0.200","66.22.231.191","UDP","258","60773  >  50008 Len=216"
"719","13.436502","66.22.231.191","192.168.0.200","UDP","128","50008  >  60773 Len=86"
"720","13.441791","192.168.0.200","66.22.231.191","UDP","246","60773  >  50008 Len=204"
"721","13.456067","66.22.231.191","192.168.0.200","UDP","141","50008  >  60773 Len=99"
"722","13.460287","192.168.0.200","66.22.231.191","UDP","238","60773  >  50008 Len=196"
"723","13.473782","66.22.231.191","192.168.0.200","UDP","236","50008  >  60773 Len=194"
"724","13.496061","66.22.231.191","192.168.0.200","UDP","291","50008  >  60773 Len=249"
"725","13.499362","192.168.0.200","66.22.231.191","UDP","240","60773  >  50008 Len=198"
"726","13.501904","192.168.0.200","66.22.231.191","UDP","247","60773  >  50008 Len=205"
"727","13.520241","192.168.0.200","66.22.231.191","UDP","245","60773  >  50008 Len=203"
"728","13.520722","66.22.231.191","192.168.0.200","UDP","257","50008  >  60773 Len=215"
"729","13.538431","66.22.231.191","192.168.0.200","UDP","234","50008  >  60773 Len=192"
"730","13.543804","192.168.0.200","66.22.231.191","UDP","260","60773  >  50008 Len=218"
"731","13.556351","66.22.231.191","192.168.0.200","UDP","247","50008  >  60773 Len=205"
"732","13.560349","192.168.0.200","66.22.231.191","UDP","256","60773  >  50008 Len=214"
"733","13.575401","66.22.231.191","192.168.0.200","UDP","255","50008  >  60773 Len=213"
"734","13.583188","192.168.0.200","66.22.231.191","UDP","250","60773  >  50008 Len=208"
"735","13.594207","66.22.231.191","192.168.0.200","UDP","251","50008  >  60773 Len=209"
"736","13.600809","192.168.0.200","66.22.231.191","UDP","244","60773  >  50008 Len=202"
"737","13.618450","192.168.0.200","66.22.231.191","UDP","261","60773  >  50008 Len=219"
"738","13.627770","66.22.231.191","192.168.0.200","UDP","242","50008  >  60773 Len=200"
"739","13.642720","192.168.0.200","66.22.231.191","UDP","241","60773  >  50008 Len=199"
"740","13.648649","66.22.231.191","192.168.0.200","UDP","249","50008  >  60773 Len=207"
"741","13.653143","66.22.231.191","192.168.0.200","RTCP","94","Receiver Report   "
"742","13.654571","66.22.231.191","192.168.0.200","UDP","255","50008  >  60773 Len=213"
"743","13.660763","192.168.0.200","66.22.231.191","UDP","246","60773  >  50008 Len=204"
"744","13.678244","192.168.0.200","66.22.231.191","UDP","246","60773  >  50008 Len=204"
"745","13.682312","66.22.231.191","192.168.0.200","UDP","250","50008  >  60773 Len=208"
"746","13.696625","66.22.231.191","192.168.0.200","UDP","246","50008  >  60773 Len=204"
"747","13.702112","192.168.0.200","66.22.231.191","UDP","245","60773  >  50008 Len=203"
"748","13.714188","66.22.231.191","192.168.0.200","UDP","254","50008  >  60773 Len=212"
"749","13.720147","192.168.0.200","66.22.231.191","UDP","232","60773  >  50008 Len=190"
"750","13.736336","66.22.231.191","192.168.0.200","UDP","250","50008  >  60773 Len=208"
"751","13.743672","192.168.0.200","66.22.231.191","UDP","219","60773  >  50008 Len=177"
"752","13.760727","66.22.231.191","192.168.0.200","UDP","235","50008  >  60773 Len=193"
