No.,Time,Source,Destination,Protocol,Length,Info
13,2.195632,192.168.0.200,209.222.115.47,TCP,66,61109  >  25565 [SYN] Seq=0 Win=64240 Len=0 MSS=1460 WS=256 SACK_PERM
14,2.245122,209.222.115.47,192.168.0.200,TCP,66,"25565  >  61109 [SYN, ACK] Seq=0 Ack=1 Win=29200 Len=0 MSS=1332 SACK_PERM WS=512"
15,2.245228,192.168.0.200,209.222.115.47,TCP,54,61109  >  25565 [ACK] Seq=1 Ack=1 Win=262400 Len=0
16,2.24541,192.168.0.200,209.222.115.47,TCP,77,"61109  >  25565 [PSH, ACK] Seq=1 Ack=1 Win=262400 Len=23"
17,2.245442,192.168.0.200,209.222.115.47,TCP,83,"61109  >  25565 [PSH, ACK] Seq=24 Ack=1 Win=262400 Len=29"
18,2.292532,209.222.115.47,192.168.0.200,TCP,60,25565  >  61109 [ACK] Seq=1 Ack=24 Win=29696 Len=0
19,2.292608,209.222.115.47,192.168.0.200,TCP,60,25565  >  61109 [ACK] Seq=1 Ack=53 Win=29696 Len=0
20,2.293065,209.222.115.47,192.168.0.200,TCP,243,"25565  >  61109 [PSH, ACK] Seq=1 Ack=53 Win=29696 Len=189"
25,2.345202,192.168.0.200,209.222.115.47,TCP,54,61109  >  25565 [ACK] Seq=53 Ack=190 Win=262144 Len=0
44,2.436646,192.168.0.200,209.222.115.47,TCP,317,"61109  >  25565 [PSH, ACK] Seq=53 Ack=190 Win=262144 Len=263"
46,2.520027,209.222.115.47,192.168.0.200,TCP,60,25565  >  61109 [ACK] Seq=190 Ack=316 Win=30720 Len=0
47,2.567409,209.222.115.47,192.168.0.200,TCP,60,"25565  >  61109 [PSH, ACK] Seq=190 Ack=316 Win=30720 Len=4"
48,2.567491,209.222.115.47,192.168.0.200,TCP,85,"25565  >  61109 [PSH, ACK] Seq=194 Ack=316 Win=30720 Len=31"
49,2.567561,192.168.0.200,209.222.115.47,TCP,54,61109  >  25565 [ACK] Seq=316 Ack=225 Win=262144 Len=0
50,2.568085,192.168.0.200,209.222.115.47,TCP,57,"61109  >  25565 [PSH, ACK] Seq=316 Ack=225 Win=262144 Len=3"
51,2.5683,192.168.0.200,209.222.115.47,TCP,81,"61109  >  25565 [PSH, ACK] Seq=319 Ack=225 Win=262144 Len=27"
52,2.568341,192.168.0.200,209.222.115.47,TCP,70,"61109  >  25565 [PSH, ACK] Seq=346 Ack=225 Win=262144 Len=16"
53,2.612838,209.222.115.47,192.168.0.200,TCP,60,25565  >  61109 [ACK] Seq=225 Ack=319 Win=30720 Len=0
54,2.612838,209.222.115.47,192.168.0.200,TCP,60,25565  >  61109 [ACK] Seq=225 Ack=346 Win=30720 Len=0
55,2.612838,209.222.115.47,192.168.0.200,TCP,60,25565  >  61109 [ACK] Seq=225 Ack=362 Win=30720 Len=0
56,2.613716,209.222.115.47,192.168.0.200,TCP,1514,25565  >  61109 [ACK] Seq=225 Ack=362 Win=30720 Len=1460
57,2.613852,209.222.115.47,192.168.0.200,TCP,1514,25565  >  61109 [ACK] Seq=1685 Ack=362 Win=30720 Len=1460
58,2.613885,209.222.115.47,192.168.0.200,TCP,1514,25565  >  61109 [ACK] Seq=3145 Ack=362 Win=30720 Len=1460
59,2.613885,209.222.115.47,192.168.0.200,TCP,274,"25565  >  61109 [PSH, ACK] Seq=4605 Ack=362 Win=30720 Len=220"
60,2.613885,209.222.115.47,192.168.0.200,TCP,60,"25565  >  61109 [PSH, ACK] Seq=4825 Ack=362 Win=30720 Len=3"
61,2.613924,192.168.0.200,209.222.115.47,TCP,54,61109  >  25565 [ACK] Seq=362 Ack=3145 Win=262400 Len=0
62,2.613927,192.168.0.200,209.222.115.47,TCP,54,61109  >  25565 [ACK] Seq=362 Ack=4828 Win=262400 Len=0
64,2.626246,192.168.0.200,209.222.115.47,TCP,57,"61109  >  25565 [PSH, ACK] Seq=362 Ack=4828 Win=262400 Len=3"
65,2.667581,209.222.115.47,192.168.0.200,TCP,86,"25565  >  61109 [PSH, ACK] Seq=4828 Ack=365 Win=30720 Len=32"
66,2.691908,209.222.115.47,192.168.0.200,TCP,60,"25565  >  61109 [PSH, ACK] Seq=4860 Ack=365 Win=30720 Len=4"
67,2.692,192.168.0.200,209.222.115.47,TCP,54,61109  >  25565 [ACK] Seq=365 Ack=4864 Win=262144 Len=0
68,2.734683,209.222.115.47,192.168.0.200,TCP,184,"25565  >  61109 [PSH, ACK] Seq=4864 Ack=365 Win=30720 Len=130"
69,2.734683,209.222.115.47,192.168.0.200,TCP,110,"25565  >  61109 [PSH, ACK] Seq=4994 Ack=365 Win=30720 Len=56"
70,2.734765,192.168.0.200,209.222.115.47,TCP,54,61109  >  25565 [ACK] Seq=365 Ack=5050 Win=262144 Len=0
71,2.734999,209.222.115.47,192.168.0.200,TCP,156,"25565  >  61109 [PSH, ACK] Seq=5050 Ack=365 Win=30720 Len=102"
72,2.735013,209.222.115.47,192.168.0.200,TCP,1514,25565  >  61109 [ACK] Seq=5152 Ack=365 Win=30720 Len=1460
73,2.735031,209.222.115.47,192.168.0.200,TCP,1514,25565  >  61109 [ACK] Seq=6612 Ack=365 Win=30720 Len=1460
74,2.735035,209.222.115.47,192.168.0.200,TCP,1514,25565  >  61109 [ACK] Seq=8072 Ack=365 Win=30720 Len=1460
75,2.735063,192.168.0.200,209.222.115.47,TCP,54,61109  >  25565 [ACK] Seq=365 Ack=6612 Win=262400 Len=0
76,2.735069,192.168.0.200,209.222.115.47,TCP,54,61109  >  25565 [ACK] Seq=365 Ack=9532 Win=262400 Len=0
77,2.735073,209.222.115.47,192.168.0.200,TCP,1514,25565  >  61109 [ACK] Seq=9532 Ack=365 Win=30720 Len=1460
78,2.735073,209.222.115.47,192.168.0.200,TCP,334,"25565  >  61109 [PSH, ACK] Seq=10992 Ack=365 Win=30720 Len=280"
79,2.735104,192.168.0.200,209.222.115.47,TCP,54,61109  >  25565 [ACK] Seq=365 Ack=11272 Win=262400 Len=0
80,2.735448,209.222.115.47,192.168.0.200,TCP,1514,25565  >  61109 [ACK] Seq=11272 Ack=365 Win=30720 Len=1460
81,2.736734,209.222.115.47,192.168.0.200,TCP,1514,25565  >  61109 [ACK] Seq=12732 Ack=365 Win=30720 Len=1460
82,2.736775,209.222.115.47,192.168.0.200,TCP,1514,25565  >  61109 [ACK] Seq=14192 Ack=365 Win=30720 Len=1460
83,2.736775,209.222.115.47,192.168.0.200,TCP,1514,25565  >  61109 [ACK] Seq=15652 Ack=365 Win=30720 Len=1460
84,2.736803,192.168.0.200,209.222.115.47,TCP,54,61109  >  25565 [ACK] Seq=365 Ack=14192 Win=262400 Len=0
85,2.736817,192.168.0.200,209.222.115.47,TCP,54,61109  >  25565 [ACK] Seq=365 Ack=17112 Win=262400 Len=0
86,2.786683,209.222.115.47,192.168.0.200,TCP,1514,25565  >  61109 [ACK] Seq=17112 Ack=365 Win=30720 Len=1460
87,2.794692,209.222.115.47,192.168.0.200,TCP,1514,25565  >  61109 [ACK] Seq=18572 Ack=365 Win=30720 Len=1460
88,2.794746,209.222.115.47,192.168.0.200,TCP,1514,25565  >  61109 [ACK] Seq=20032 Ack=365 Win=30720 Len=1460
89,2.794746,209.222.115.47,192.168.0.200,TCP,1514,25565  >  61109 [ACK] Seq=21492 Ack=365 Win=30720 Len=1460
90,2.794746,209.222.115.47,192.168.0.200,TCP,1514,25565  >  61109 [ACK] Seq=22952 Ack=365 Win=30720 Len=1460
91,2.794779,192.168.0.200,209.222.115.47,TCP,54,61109  >  25565 [ACK] Seq=365 Ack=20032 Win=262400 Len=0
92,2.794791,192.168.0.200,209.222.115.47,TCP,54,61109  >  25565 [ACK] Seq=365 Ack=24412 Win=262400 Len=0
93,2.797288,209.222.115.47,192.168.0.200,TCP,1514,25565  >  61109 [ACK] Seq=24412 Ack=365 Win=30720 Len=1460
94,2.797332,209.222.115.47,192.168.0.200,TCP,1514,25565  >  61109 [ACK] Seq=25872 Ack=365 Win=30720 Len=1460
95,2.797332,209.222.115.47,192.168.0.200,TCP,1514,25565  >  61109 [ACK] Seq=27332 Ack=365 Win=30720 Len=1460
96,2.797332,209.222.115.47,192.168.0.200,TCP,1514,25565  >  61109 [ACK] Seq=28792 Ack=365 Win=30720 Len=1460
97,2.797358,192.168.0.200,209.222.115.47,TCP,54,61109  >  25565 [ACK] Seq=365 Ack=25872 Win=262400 Len=0
98,2.797361,209.222.115.47,192.168.0.200,TCP,1514,25565  >  61109 [ACK] Seq=30252 Ack=365 Win=30720 Len=1460
99,2.797361,209.222.115.47,192.168.0.200,TCP,1514,25565  >  61109 [ACK] Seq=31712 Ack=365 Win=30720 Len=1460
100,2.797361,209.222.115.47,192.168.0.200,TCP,1514,25565  >  61109 [ACK] Seq=33172 Ack=365 Win=30720 Len=1460
101,2.797384,209.222.115.47,192.168.0.200,TCP,1514,25565  >  61109 [ACK] Seq=34632 Ack=365 Win=30720 Len=1460
102,2.797384,209.222.115.47,192.168.0.200,TCP,1514,25565  >  61109 [ACK] Seq=36092 Ack=365 Win=30720 Len=1460
103,2.797402,209.222.115.47,192.168.0.200,TCP,1514,25565  >  61109 [ACK] Seq=37552 Ack=365 Win=30720 Len=1460
104,2.797407,192.168.0.200,209.222.115.47,TCP,54,61109  >  25565 [ACK] Seq=365 Ack=30252 Win=262400 Len=0
105,2.797425,192.168.0.200,209.222.115.47,TCP,54,61109  >  25565 [ACK] Seq=365 Ack=34632 Win=262400 Len=0
106,2.797402,209.222.115.47,192.168.0.200,TCP,1514,25565  >  61109 [ACK] Seq=39012 Ack=365 Win=30720 Len=1460
107,2.797436,192.168.0.200,209.222.115.47,TCP,54,61109  >  25565 [ACK] Seq=365 Ack=37552 Win=262400 Len=0
108,2.797442,209.222.115.47,192.168.0.200,TCP,1514,25565  >  61109 [ACK] Seq=40472 Ack=365 Win=30720 Len=1460
109,2.797442,209.222.115.47,192.168.0.200,TCP,1514,25565  >  61109 [ACK] Seq=41932 Ack=365 Win=30720 Len=1460
110,2.797442,209.222.115.47,192.168.0.200,TCP,1514,25565  >  61109 [ACK] Seq=43392 Ack=365 Win=30720 Len=1460
111,2.797447,192.168.0.200,209.222.115.47,TCP,54,61109  >  25565 [ACK] Seq=365 Ack=40472 Win=262400 Len=0
112,2.797457,209.222.115.47,192.168.0.200,TCP,1514,25565  >  61109 [ACK] Seq=44852 Ack=365 Win=30720 Len=1460
113,2.797467,209.222.115.47,192.168.0.200,TCP,1514,25565  >  61109 [ACK] Seq=46312 Ack=365 Win=30720 Len=1460
114,2.797475,209.222.115.47,192.168.0.200,TCP,1514,25565  >  61109 [ACK] Seq=47772 Ack=365 Win=30720 Len=1460
115,2.797476,192.168.0.200,209.222.115.47,TCP,54,61109  >  25565 [ACK] Seq=365 Ack=46312 Win=262400 Len=0
116,2.797479,192.168.0.200,209.222.115.47,TCP,54,61109  >  25565 [ACK] Seq=365 Ack=44852 Win=262400 Len=0
117,2.797487,209.222.115.47,192.168.0.200,TCP,1514,25565  >  61109 [ACK] Seq=49232 Ack=365 Win=30720 Len=1460
118,2.797493,192.168.0.200,209.222.115.47,TCP,54,61109  >  25565 [ACK] Seq=365 Ack=49232 Win=262400 Len=0
119,2.797528,209.222.115.47,192.168.0.200,TCP,1514,25565  >  61109 [ACK] Seq=50692 Ack=365 Win=30720 Len=1460
120,2.797546,192.168.0.200,209.222.115.47,TCP,54,61109  >  25565 [ACK] Seq=365 Ack=52152 Win=262400 Len=0
121,2.841097,209.222.115.47,192.168.0.200,TCP,1514,25565  >  61109 [ACK] Seq=52152 Ack=365 Win=30720 Len=1460
122,2.843274,209.222.115.47,192.168.0.200,TCP,1514,25565  >  61109 [ACK] Seq=53612 Ack=365 Win=30720 Len=1460
123,2.843321,209.222.115.47,192.168.0.200,TCP,1514,25565  >  61109 [ACK] Seq=55072 Ack=365 Win=30720 Len=1460
124,2.843321,209.222.115.47,192.168.0.200,TCP,1514,25565  >  61109 [ACK] Seq=56532 Ack=365 Win=30720 Len=1460
125,2.843321,209.222.115.47,192.168.0.200,TCP,1514,25565  >  61109 [ACK] Seq=57992 Ack=365 Win=30720 Len=1460
126,2.843321,209.222.115.47,192.168.0.200,TCP,1514,25565  >  61109 [ACK] Seq=59452 Ack=365 Win=30720 Len=1460
127,2.843348,209.222.115.47,192.168.0.200,TCP,1514,25565  >  61109 [ACK] Seq=60912 Ack=365 Win=30720 Len=1460
128,2.843348,209.222.115.47,192.168.0.200,TCP,1514,25565  >  61109 [ACK] Seq=62372 Ack=365 Win=30720 Len=1460
129,2.843351,192.168.0.200,209.222.115.47,TCP,54,61109  >  25565 [ACK] Seq=365 Ack=55072 Win=262400 Len=0
130,2.843365,209.222.115.47,192.168.0.200,TCP,1514,25565  >  61109 [ACK] Seq=63832 Ack=365 Win=30720 Len=1460
131,2.843365,209.222.115.47,192.168.0.200,TCP,1514,25565  >  61109 [ACK] Seq=65292 Ack=365 Win=30720 Len=1460
132,2.843381,209.222.115.47,192.168.0.200,TCP,1514,25565  >  61109 [ACK] Seq=66752 Ack=365 Win=30720 Len=1460
133,2.843383,192.168.0.200,209.222.115.47,TCP,54,61109  >  25565 [ACK] Seq=365 Ack=60912 Win=262400 Len=0
134,2.843389,209.222.115.47,192.168.0.200,TCP,1514,25565  >  61109 [ACK] Seq=68212 Ack=365 Win=30720 Len=1460
135,2.84339,192.168.0.200,209.222.115.47,TCP,54,61109  >  25565 [ACK] Seq=365 Ack=63832 Win=262400 Len=0
136,2.843402,209.222.115.47,192.168.0.200,TCP,1514,25565  >  61109 [ACK] Seq=69672 Ack=365 Win=30720 Len=1460
137,2.843405,192.168.0.200,209.222.115.47,TCP,54,61109  >  25565 [ACK] Seq=365 Ack=66752 Win=262400 Len=0
138,2.843417,192.168.0.200,209.222.115.47,TCP,54,61109  >  25565 [ACK] Seq=365 Ack=69672 Win=262400 Len=0
139,2.844559,209.222.115.47,192.168.0.200,TCP,1514,25565  >  61109 [ACK] Seq=71132 Ack=365 Win=30720 Len=1460
140,2.844618,209.222.115.47,192.168.0.200,TCP,1514,25565  >  61109 [ACK] Seq=72592 Ack=365 Win=30720 Len=1460
141,2.844618,209.222.115.47,192.168.0.200,TCP,1514,25565  >  61109 [ACK] Seq=74052 Ack=365 Win=30720 Len=1460
142,2.844618,209.222.115.47,192.168.0.200,TCP,1514,25565  >  61109 [ACK] Seq=75512 Ack=365 Win=30720 Len=1460
143,2.844618,209.222.115.47,192.168.0.200,TCP,1514,25565  >  61109 [ACK] Seq=76972 Ack=365 Win=30720 Len=1460
144,2.844618,209.222.115.47,192.168.0.200,TCP,1514,25565  >  61109 [ACK] Seq=78432 Ack=365 Win=30720 Len=1460
145,2.844653,209.222.115.47,192.168.0.200,TCP,1514,25565  >  61109 [ACK] Seq=79892 Ack=365 Win=30720 Len=1460
146,2.844653,209.222.115.47,192.168.0.200,TCP,1514,25565  >  61109 [ACK] Seq=81352 Ack=365 Win=30720 Len=1460
147,2.844653,209.222.115.47,192.168.0.200,TCP,1514,25565  >  61109 [ACK] Seq=82812 Ack=365 Win=30720 Len=1460
148,2.844674,209.222.115.47,192.168.0.200,TCP,1514,25565  >  61109 [ACK] Seq=84272 Ack=365 Win=30720 Len=1460
149,2.844674,209.222.115.47,192.168.0.200,TCP,1514,25565  >  61109 [ACK] Seq=85732 Ack=365 Win=30720 Len=1460
150,2.844691,192.168.0.200,209.222.115.47,TCP,54,61109  >  25565 [ACK] Seq=365 Ack=79892 Win=262400 Len=0
151,2.844694,209.222.115.47,192.168.0.200,TCP,1514,25565  >  61109 [ACK] Seq=87192 Ack=365 Win=30720 Len=1460
152,2.844694,209.222.115.47,192.168.0.200,TCP,1514,25565  >  61109 [ACK] Seq=88652 Ack=365 Win=30720 Len=1460
153,2.844706,209.222.115.47,192.168.0.200,TCP,1514,25565  >  61109 [ACK] Seq=90112 Ack=365 Win=30720 Len=1460
154,2.844718,192.168.0.200,209.222.115.47,TCP,54,61109  >  25565 [ACK] Seq=365 Ack=84272 Win=262400 Len=0
155,2.844719,209.222.115.47,192.168.0.200,TCP,1514,25565  >  61109 [ACK] Seq=91572 Ack=365 Win=30720 Len=1460
156,2.844731,209.222.115.47,192.168.0.200,TCP,1514,25565  >  61109 [ACK] Seq=93032 Ack=365 Win=30720 Len=1460
157,2.844743,209.222.115.47,192.168.0.200,TCP,1514,25565  >  61109 [ACK] Seq=94492 Ack=365 Win=30720 Len=1460
158,2.844755,209.222.115.47,192.168.0.200,TCP,1514,25565  >  61109 [ACK] Seq=95952 Ack=365 Win=30720 Len=1460
159,2.844767,209.222.115.47,192.168.0.200,TCP,1514,25565  >  61109 [ACK] Seq=97412 Ack=365 Win=30720 Len=1460
160,2.844788,192.168.0.200,209.222.115.47,TCP,54,61109  >  25565 [ACK] Seq=365 Ack=90112 Win=262400 Len=0
161,2.844801,192.168.0.200,209.222.115.47,TCP,54,61109  >  25565 [ACK] Seq=365 Ack=93032 Win=262400 Len=0
162,2.84481,192.168.0.200,209.222.115.47,TCP,54,61109  >  25565 [ACK] Seq=365 Ack=95952 Win=262400 Len=0
163,2.844836,192.168.0.200,209.222.115.47,TCP,54,61109  >  25565 [ACK] Seq=365 Ack=98872 Win=262400 Len=0
164,2.84484,192.168.0.200,209.222.115.47,TCP,54,61109  >  25565 [ACK] Seq=365 Ack=87192 Win=262400 Len=0
165,2.845073,192.168.0.200,209.222.115.47,TCP,54,61109  >  25565 [ACK] Seq=365 Ack=72592 Win=262400 Len=0
166,2.847318,209.222.115.47,192.168.0.200,TCP,1514,25565  >  61109 [ACK] Seq=98872 Ack=365 Win=30720 Len=1460
167,2.847681,209.222.115.47,192.168.0.200,TCP,1514,25565  >  61109 [ACK] Seq=100332 Ack=365 Win=30720 Len=1460
168,2.847725,209.222.115.47,192.168.0.200,TCP,1514,25565  >  61109 [ACK] Seq=101792 Ack=365 Win=30720 Len=1460
169,2.847725,209.222.115.47,192.168.0.200,TCP,1514,25565  >  61109 [ACK] Seq=103252 Ack=365 Win=30720 Len=1460
170,2.847725,209.222.115.47,192.168.0.200,TCP,1514,25565  >  61109 [ACK] Seq=104712 Ack=365 Win=30720 Len=1460
171,2.847788,192.168.0.200,209.222.115.47,TCP,54,61109  >  25565 [ACK] Seq=365 Ack=101792 Win=262400 Len=0
172,2.847788,192.168.0.200,209.222.115.47,TCP,54,61109  >  25565 [ACK] Seq=365 Ack=106172 Win=262400 Len=0
173,2.848316,209.222.115.47,192.168.0.200,TCP,1514,25565  >  61109 [ACK] Seq=106172 Ack=365 Win=30720 Len=1460
174,2.848353,209.222.115.47,192.168.0.200,TCP,1514,25565  >  61109 [ACK] Seq=107632 Ack=365 Win=30720 Len=1460
175,2.848353,209.222.115.47,192.168.0.200,TCP,1514,25565  >  61109 [ACK] Seq=109092 Ack=365 Win=30720 Len=1460
176,2.848373,209.222.115.47,192.168.0.200,TCP,1514,25565  >  61109 [ACK] Seq=110552 Ack=365 Win=30720 Len=1460
177,2.848373,209.222.115.47,192.168.0.200,TCP,1514,25565  >  61109 [ACK] Seq=112012 Ack=365 Win=30720 Len=1460
178,2.848373,209.222.115.47,192.168.0.200,TCP,1514,25565  >  61109 [ACK] Seq=113472 Ack=365 Win=30720 Len=1460
179,2.848392,209.222.115.47,192.168.0.200,TCP,1514,25565  >  61109 [ACK] Seq=114932 Ack=365 Win=30720 Len=1460
180,2.848402,192.168.0.200,209.222.115.47,TCP,54,61109  >  25565 [ACK] Seq=365 Ack=107632 Win=262400 Len=0
181,2.848404,209.222.115.47,192.168.0.200,TCP,1514,25565  >  61109 [ACK] Seq=116392 Ack=365 Win=30720 Len=1460
182,2.84841,209.222.115.47,192.168.0.200,TCP,1514,25565  >  61109 [ACK] Seq=117852 Ack=365 Win=30720 Len=1460
183,2.848423,209.222.115.47,192.168.0.200,TCP,1514,25565  >  61109 [ACK] Seq=119312 Ack=365 Win=30720 Len=1460
184,2.848425,192.168.0.200,209.222.115.47,TCP,54,61109  >  25565 [ACK] Seq=365 Ack=114932 Win=262400 Len=0
185,2.848434,209.222.115.47,192.168.0.200,TCP,1514,25565  >  61109 [ACK] Seq=120772 Ack=365 Win=30720 Len=1460
186,2.848439,192.168.0.200,209.222.115.47,TCP,54,61109  >  25565 [ACK] Seq=365 Ack=119312 Win=262400 Len=0
187,2.848443,192.168.0.200,209.222.115.47,TCP,54,61109  >  25565 [ACK] Seq=365 Ack=116392 Win=262400 Len=0
188,2.848463,192.168.0.200,209.222.115.47,TCP,54,61109  >  25565 [ACK] Seq=365 Ack=122232 Win=262400 Len=0
189,2.848483,192.168.0.200,209.222.115.47,TCP,54,61109  >  25565 [ACK] Seq=365 Ack=110552 Win=262400 Len=0
190,2.886413,209.222.115.47,192.168.0.200,TCP,1514,25565  >  61109 [ACK] Seq=122232 Ack=365 Win=30720 Len=1460
191,2.886801,209.222.115.47,192.168.0.200,TCP,1514,25565  >  61109 [ACK] Seq=123692 Ack=365 Win=30720 Len=1460
192,2.886844,209.222.115.47,192.168.0.200,TCP,1514,25565  >  61109 [ACK] Seq=125152 Ack=365 Win=30720 Len=1460
193,2.886844,209.222.115.47,192.168.0.200,TCP,1514,25565  >  61109 [ACK] Seq=126612 Ack=365 Win=30720 Len=1460
194,2.886844,209.222.115.47,192.168.0.200,TCP,1514,25565  >  61109 [ACK] Seq=128072 Ack=365 Win=30720 Len=1460
195,2.886868,209.222.115.47,192.168.0.200,TCP,1514,25565  >  61109 [ACK] Seq=129532 Ack=365 Win=30720 Len=1460
196,2.886868,209.222.115.47,192.168.0.200,TCP,1514,25565  >  61109 [ACK] Seq=130992 Ack=365 Win=30720 Len=1460
197,2.886879,192.168.0.200,209.222.115.47,TCP,54,61109  >  25565 [ACK] Seq=365 Ack=125152 Win=262400 Len=0
198,2.886885,209.222.115.47,192.168.0.200,TCP,1514,25565  >  61109 [ACK] Seq=132452 Ack=365 Win=30720 Len=1460
199,2.886885,209.222.115.47,192.168.0.200,TCP,1514,25565  >  61109 [ACK] Seq=133912 Ack=365 Win=30720 Len=1460
200,2.886902,209.222.115.47,192.168.0.200,TCP,1514,25565  >  61109 [ACK] Seq=135372 Ack=365 Win=30720 Len=1460
201,2.886913,209.222.115.47,192.168.0.200,TCP,1514,25565  >  61109 [ACK] Seq=136832 Ack=365 Win=30720 Len=1460
202,2.886918,192.168.0.200,209.222.115.47,TCP,54,61109  >  25565 [ACK] Seq=365 Ack=129532 Win=262400 Len=0
203,2.886922,209.222.115.47,192.168.0.200,TCP,1514,25565  >  61109 [ACK] Seq=138292 Ack=365 Win=30720 Len=1460
204,2.886925,192.168.0.200,209.222.115.47,TCP,54,61109  >  25565 [ACK] Seq=365 Ack=135372 Win=262400 Len=0
205,2.886933,209.222.115.47,192.168.0.200,TCP,1514,25565  >  61109 [ACK] Seq=139752 Ack=365 Win=30720 Len=1460
206,2.886943,192.168.0.200,209.222.115.47,TCP,54,61109  >  25565 [ACK] Seq=365 Ack=132452 Win=262400 Len=0
207,2.886959,192.168.0.200,209.222.115.47,TCP,54,61109  >  25565 [ACK] Seq=365 Ack=136832 Win=262400 Len=0
208,2.88697,209.222.115.47,192.168.0.200,TCP,1514,25565  >  61109 [ACK] Seq=141212 Ack=365 Win=30720 Len=1460
209,2.886975,192.168.0.200,209.222.115.47,TCP,54,61109  >  25565 [ACK] Seq=365 Ack=139752 Win=262400 Len=0
210,2.886987,209.222.115.47,192.168.0.200,TCP,1514,25565  >  61109 [ACK] Seq=142672 Ack=365 Win=30720 Len=1460
211,2.886987,209.222.115.47,192.168.0.200,TCP,1514,25565  >  61109 [ACK] Seq=144132 Ack=365 Win=30720 Len=1460
212,2.886987,209.222.115.47,192.168.0.200,TCP,1514,25565  >  61109 [ACK] Seq=145592 Ack=365 Win=30720 Len=1460
213,2.887006,192.168.0.200,209.222.115.47,TCP,54,61109  >  25565 [ACK] Seq=365 Ack=142672 Win=262400 Len=0
214,2.887012,192.168.0.200,209.222.115.47,TCP,54,61109  >  25565 [ACK] Seq=365 Ack=147052 Win=262400 Len=0
215,2.887072,209.222.115.47,192.168.0.200,TCP,1514,25565  >  61109 [ACK] Seq=147052 Ack=365 Win=30720 Len=1460
216,2.887072,209.222.115.47,192.168.0.200,TCP,1514,25565  >  61109 [ACK] Seq=148512 Ack=365 Win=30720 Len=1460
217,2.887072,209.222.115.47,192.168.0.200,TCP,1514,25565  >  61109 [ACK] Seq=149972 Ack=365 Win=30720 Len=1460
218,2.887107,192.168.0.200,209.222.115.47,TCP,54,61109  >  25565 [ACK] Seq=365 Ack=151432 Win=262400 Len=0
219,2.887153,209.222.115.47,192.168.0.200,TCP,1514,25565  >  61109 [ACK] Seq=151432 Ack=365 Win=30720 Len=1460
220,2.887153,209.222.115.47,192.168.0.200,TCP,1514,25565  >  61109 [ACK] Seq=152892 Ack=365 Win=30720 Len=1460
221,2.887153,209.222.115.47,192.168.0.200,TCP,1514,25565  >  61109 [ACK] Seq=154352 Ack=365 Win=30720 Len=1460
222,2.887153,209.222.115.47,192.168.0.200,TCP,1514,25565  >  61109 [ACK] Seq=155812 Ack=365 Win=30720 Len=1460
223,2.887153,209.222.115.47,192.168.0.200,TCP,1514,25565  >  61109 [ACK] Seq=157272 Ack=365 Win=30720 Len=1460
224,2.887153,209.222.115.47,192.168.0.200,TCP,1514,25565  >  61109 [ACK] Seq=158732 Ack=365 Win=30720 Len=1460
225,2.887153,209.222.115.47,192.168.0.200,TCP,1514,25565  >  61109 [ACK] Seq=160192 Ack=365 Win=30720 Len=1460
226,2.887188,209.222.115.47,192.168.0.200,TCP,1514,25565  >  61109 [ACK] Seq=161652 Ack=365 Win=30720 Len=1460
227,2.887188,209.222.115.47,192.168.0.200,TCP,1514,25565  >  61109 [ACK] Seq=163112 Ack=365 Win=30720 Len=1460
228,2.887188,209.222.115.47,192.168.0.200,TCP,1514,25565  >  61109 [ACK] Seq=164572 Ack=365 Win=30720 Len=1460
229,2.887194,192.168.0.200,209.222.115.47,TCP,54,61109  >  25565 [ACK] Seq=365 Ack=161652 Win=262400 Len=0
230,2.887205,209.222.115.47,192.168.0.200,TCP,1514,25565  >  61109 [ACK] Seq=166032 Ack=365 Win=30720 Len=1460
231,2.887223,209.222.115.47,192.168.0.200,TCP,1514,25565  >  61109 [ACK] Seq=167492 Ack=365 Win=30720 Len=1460
232,2.887223,209.222.115.47,192.168.0.200,TCP,1514,25565  >  61109 [ACK] Seq=168952 Ack=365 Win=30720 Len=1460
233,2.887244,192.168.0.200,209.222.115.47,TCP,54,61109  >  25565 [ACK] Seq=365 Ack=170412 Win=262400 Len=0
234,2.887258,209.222.115.47,192.168.0.200,TCP,1514,25565  >  61109 [ACK] Seq=170412 Ack=365 Win=30720 Len=1460
235,2.887275,192.168.0.200,209.222.115.47,TCP,54,61109  >  25565 [ACK] Seq=365 Ack=166032 Win=262400 Len=0
236,2.887276,209.222.115.47,192.168.0.200,TCP,1514,25565  >  61109 [ACK] Seq=171872 Ack=365 Win=30720 Len=1460
237,2.887286,192.168.0.200,209.222.115.47,TCP,54,61109  >  25565 [ACK] Seq=365 Ack=171872 Win=262400 Len=0
238,2.887287,209.222.115.47,192.168.0.200,TCP,1514,25565  >  61109 [ACK] Seq=173332 Ack=365 Win=30720 Len=1460
239,2.887299,209.222.115.47,192.168.0.200,TCP,1514,25565  >  61109 [ACK] Seq=174792 Ack=365 Win=30720 Len=1460
240,2.887304,192.168.0.200,209.222.115.47,TCP,54,61109  >  25565 [ACK] Seq=365 Ack=174792 Win=262400 Len=0
241,2.887343,209.222.115.47,192.168.0.200,TCP,1514,25565  >  61109 [ACK] Seq=176252 Ack=365 Win=30720 Len=1460
242,2.887343,209.222.115.47,192.168.0.200,TCP,1514,25565  >  61109 [ACK] Seq=177712 Ack=365 Win=30720 Len=1460
243,2.887343,209.222.115.47,192.168.0.200,TCP,1514,25565  >  61109 [ACK] Seq=179172 Ack=365 Win=30720 Len=1460
244,2.887343,209.222.115.47,192.168.0.200,TCP,1514,25565  >  61109 [ACK] Seq=180632 Ack=365 Win=30720 Len=1460
245,2.887372,192.168.0.200,209.222.115.47,TCP,54,61109  >  25565 [ACK] Seq=365 Ack=182092 Win=262400 Len=0
246,2.887383,209.222.115.47,192.168.0.200,TCP,1514,25565  >  61109 [ACK] Seq=182092 Ack=365 Win=30720 Len=1460
247,2.887398,209.222.115.47,192.168.0.200,TCP,1514,25565  >  61109 [ACK] Seq=183552 Ack=365 Win=30720 Len=1460
248,2.887407,209.222.115.47,192.168.0.200,TCP,1514,25565  >  61109 [ACK] Seq=185012 Ack=365 Win=30720 Len=1460
249,2.88741,192.168.0.200,209.222.115.47,TCP,54,61109  >  25565 [ACK] Seq=365 Ack=183552 Win=262400 Len=0
250,2.88742,209.222.115.47,192.168.0.200,TCP,1514,25565  >  61109 [ACK] Seq=186472 Ack=365 Win=30720 Len=1460
251,2.887431,209.222.115.47,192.168.0.200,TCP,1514,25565  >  61109 [ACK] Seq=187932 Ack=365 Win=30720 Len=1460
252,2.887444,209.222.115.47,192.168.0.200,TCP,1514,25565  >  61109 [ACK] Seq=189392 Ack=365 Win=30720 Len=1460
253,2.887456,209.222.115.47,192.168.0.200,TCP,1514,25565  >  61109 [ACK] Seq=190852 Ack=365 Win=30720 Len=1460
254,2.88746,192.168.0.200,209.222.115.47,TCP,54,61109  >  25565 [ACK] Seq=365 Ack=186472 Win=262400 Len=0
255,2.887469,209.222.115.47,192.168.0.200,TCP,1514,25565  >  61109 [ACK] Seq=192312 Ack=365 Win=30720 Len=1460
256,2.88748,192.168.0.200,209.222.115.47,TCP,54,61109  >  25565 [ACK] Seq=365 Ack=189392 Win=262400 Len=0
257,2.887482,209.222.115.47,192.168.0.200,TCP,1514,25565  >  61109 [ACK] Seq=193772 Ack=365 Win=30720 Len=1460
258,2.887496,192.168.0.200,209.222.115.47,TCP,54,61109  >  25565 [ACK] Seq=365 Ack=192312 Win=262400 Len=0
259,2.887496,209.222.115.47,192.168.0.200,TCP,1514,25565  >  61109 [ACK] Seq=195232 Ack=365 Win=30720 Len=1460
260,2.887506,192.168.0.200,209.222.115.47,TCP,54,61109  >  25565 [ACK] Seq=365 Ack=195232 Win=262400 Len=0
261,2.887506,209.222.115.47,192.168.0.200,TCP,1514,25565  >  61109 [ACK] Seq=196692 Ack=365 Win=30720 Len=1460
262,2.887518,209.222.115.47,192.168.0.200,TCP,1514,25565  >  61109 [ACK] Seq=198152 Ack=365 Win=30720 Len=1460
263,2.887524,192.168.0.200,209.222.115.47,TCP,54,61109  >  25565 [ACK] Seq=365 Ack=198152 Win=262400 Len=0
264,2.888291,209.222.115.47,192.168.0.200,TCP,1514,25565  >  61109 [ACK] Seq=199612 Ack=365 Win=30720 Len=1460
265,2.88833,209.222.115.47,192.168.0.200,TCP,1514,25565  >  61109 [ACK] Seq=201072 Ack=365 Win=30720 Len=1460
266,2.88833,209.222.115.47,192.168.0.200,TCP,1514,25565  >  61109 [ACK] Seq=202532 Ack=365 Win=30720 Len=1460
267,2.88833,209.222.115.47,192.168.0.200,TCP,1514,25565  >  61109 [ACK] Seq=203992 Ack=365 Win=30720 Len=1460
268,2.888346,192.168.0.200,209.222.115.47,TCP,54,61109  >  25565 [ACK] Seq=365 Ack=201072 Win=262400 Len=0
269,2.888349,209.222.115.47,192.168.0.200,TCP,1514,25565  >  61109 [ACK] Seq=205452 Ack=365 Win=30720 Len=1460
270,2.888349,209.222.115.47,192.168.0.200,TCP,1514,25565  >  61109 [ACK] Seq=206912 Ack=365 Win=30720 Len=1460
271,2.888364,209.222.115.47,192.168.0.200,TCP,1514,25565  >  61109 [ACK] Seq=208372 Ack=365 Win=30720 Len=1460
272,2.88837,192.168.0.200,209.222.115.47,TCP,54,61109  >  25565 [ACK] Seq=365 Ack=205452 Win=262400 Len=0
273,2.888377,209.222.115.47,192.168.0.200,TCP,1514,25565  >  61109 [ACK] Seq=209832 Ack=365 Win=30720 Len=1460
274,2.88838,192.168.0.200,209.222.115.47,TCP,54,61109  >  25565 [ACK] Seq=365 Ack=208372 Win=262400 Len=0
275,2.888384,209.222.115.47,192.168.0.200,TCP,1514,25565  >  61109 [ACK] Seq=211292 Ack=365 Win=30720 Len=1460
276,2.888394,192.168.0.200,209.222.115.47,TCP,54,61109  >  25565 [ACK] Seq=365 Ack=209832 Win=262400 Len=0
277,2.888396,209.222.115.47,192.168.0.200,TCP,1514,25565  >  61109 [ACK] Seq=212752 Ack=365 Win=30720 Len=1460
278,2.888408,209.222.115.47,192.168.0.200,TCP,1514,25565  >  61109 [ACK] Seq=214212 Ack=365 Win=30720 Len=1460
279,2.888412,192.168.0.200,209.222.115.47,TCP,54,61109  >  25565 [ACK] Seq=365 Ack=212752 Win=262400 Len=0
280,2.888421,209.222.115.47,192.168.0.200,TCP,1514,25565  >  61109 [ACK] Seq=215672 Ack=365 Win=30720 Len=1460
281,2.888429,192.168.0.200,209.222.115.47,TCP,54,61109  >  25565 [ACK] Seq=365 Ack=215672 Win=262400 Len=0
282,2.888433,209.222.115.47,192.168.0.200,TCP,1514,25565  >  61109 [ACK] Seq=217132 Ack=365 Win=30720 Len=1460
283,2.888446,209.222.115.47,192.168.0.200,TCP,1514,25565  >  61109 [ACK] Seq=218592 Ack=365 Win=30720 Len=1460
284,2.888456,192.168.0.200,209.222.115.47,TCP,54,61109  >  25565 [ACK] Seq=365 Ack=218592 Win=262400 Len=0
285,2.888457,209.222.115.47,192.168.0.200,TCP,1514,25565  >  61109 [ACK] Seq=220052 Ack=365 Win=30720 Len=1460
286,2.88847,209.222.115.47,192.168.0.200,TCP,1514,25565  >  61109 [ACK] Seq=221512 Ack=365 Win=30720 Len=1460
287,2.888482,192.168.0.200,209.222.115.47,TCP,54,61109  >  25565 [ACK] Seq=365 Ack=221512 Win=262400 Len=0
288,2.888482,209.222.115.47,192.168.0.200,TCP,1514,25565  >  61109 [ACK] Seq=222972 Ack=365 Win=30720 Len=1460
289,2.888494,209.222.115.47,192.168.0.200,TCP,1514,25565  >  61109 [ACK] Seq=224432 Ack=365 Win=30720 Len=1460
290,2.888506,209.222.115.47,192.168.0.200,TCP,1514,25565  >  61109 [ACK] Seq=225892 Ack=365 Win=30720 Len=1460
291,2.888509,192.168.0.200,209.222.115.47,TCP,54,61109  >  25565 [ACK] Seq=365 Ack=224432 Win=262400 Len=0
292,2.888519,209.222.115.47,192.168.0.200,TCP,1514,25565  >  61109 [ACK] Seq=227352 Ack=365 Win=30720 Len=1460
293,2.888531,209.222.115.47,192.168.0.200,TCP,1514,25565  >  61109 [ACK] Seq=228812 Ack=365 Win=30720 Len=1460
294,2.888531,192.168.0.200,209.222.115.47,TCP,54,61109  >  25565 [ACK] Seq=365 Ack=227352 Win=262400 Len=0
295,2.888543,209.222.115.47,192.168.0.200,TCP,1514,25565  >  61109 [ACK] Seq=230272 Ack=365 Win=30720 Len=1460
296,2.888556,209.222.115.47,192.168.0.200,TCP,1514,25565  >  61109 [ACK] Seq=231732 Ack=365 Win=30720 Len=1460
297,2.888569,209.222.115.47,192.168.0.200,TCP,1514,25565  >  61109 [ACK] Seq=233192 Ack=365 Win=30720 Len=1460
298,2.888569,192.168.0.200,209.222.115.47,TCP,54,61109  >  25565 [ACK] Seq=365 Ack=230272 Win=262400 Len=0
299,2.888578,192.168.0.200,209.222.115.47,TCP,54,61109  >  25565 [ACK] Seq=365 Ack=233192 Win=262400 Len=0
300,2.88858,209.222.115.47,192.168.0.200,TCP,1514,25565  >  61109 [ACK] Seq=234652 Ack=365 Win=30720 Len=1460
301,2.888603,209.222.115.47,192.168.0.200,TCP,1514,25565  >  61109 [ACK] Seq=236112 Ack=365 Win=30720 Len=1460
302,2.888603,209.222.115.47,192.168.0.200,TCP,1514,25565  >  61109 [ACK] Seq=237572 Ack=365 Win=30720 Len=1460
303,2.88861,192.168.0.200,209.222.115.47,TCP,54,61109  >  25565 [ACK] Seq=365 Ack=236112 Win=262400 Len=0
304,2.888617,209.222.115.47,192.168.0.200,TCP,1514,25565  >  61109 [ACK] Seq=239032 Ack=365 Win=30720 Len=1460
305,2.888627,192.168.0.200,209.222.115.47,TCP,54,61109  >  25565 [ACK] Seq=365 Ack=239032 Win=262400 Len=0
306,2.888629,209.222.115.47,192.168.0.200,TCP,1514,25565  >  61109 [ACK] Seq=240492 Ack=365 Win=30720 Len=1460
307,2.888641,209.222.115.47,192.168.0.200,TCP,1514,25565  >  61109 [ACK] Seq=241952 Ack=365 Win=30720 Len=1460
308,2.888649,192.168.0.200,209.222.115.47,TCP,54,61109  >  25565 [ACK] Seq=365 Ack=241952 Win=262400 Len=0
309,2.888654,209.222.115.47,192.168.0.200,TCP,1514,25565  >  61109 [ACK] Seq=243412 Ack=365 Win=30720 Len=1460
310,2.888665,209.222.115.47,192.168.0.200,TCP,1514,25565  >  61109 [ACK] Seq=244872 Ack=365 Win=30720 Len=1460
311,2.888679,209.222.115.47,192.168.0.200,TCP,1514,25565  >  61109 [ACK] Seq=246332 Ack=365 Win=30720 Len=1460
312,2.888685,192.168.0.200,209.222.115.47,TCP,54,61109  >  25565 [ACK] Seq=365 Ack=244872 Win=262400 Len=0
313,2.888703,192.168.0.200,209.222.115.47,TCP,54,61109  >  25565 [ACK] Seq=365 Ack=247792 Win=262400 Len=0
314,2.890049,209.222.115.47,192.168.0.200,TCP,1514,25565  >  61109 [ACK] Seq=247792 Ack=365 Win=30720 Len=1460
315,2.890091,209.222.115.47,192.168.0.200,TCP,1514,25565  >  61109 [ACK] Seq=249252 Ack=365 Win=30720 Len=1460
316,2.890091,209.222.115.47,192.168.0.200,TCP,1514,25565  >  61109 [ACK] Seq=250712 Ack=365 Win=30720 Len=1460
317,2.890129,209.222.115.47,192.168.0.200,TCP,1514,25565  >  61109 [ACK] Seq=252172 Ack=365 Win=30720 Len=1460
318,2.890161,192.168.0.200,209.222.115.47,TCP,54,61109  >  25565 [ACK] Seq=365 Ack=252172 Win=262400 Len=0
319,2.890166,192.168.0.200,209.222.115.47,TCP,54,61109  >  25565 [ACK] Seq=365 Ack=253632 Win=262400 Len=0
320,2.896912,209.222.115.47,192.168.0.200,TCP,1514,25565  >  61109 [ACK] Seq=253632 Ack=365 Win=30720 Len=1460
321,2.898228,209.222.115.47,192.168.0.200,TCP,1514,25565  >  61109 [ACK] Seq=255092 Ack=365 Win=30720 Len=1460
322,2.898354,192.168.0.200,209.222.115.47,TCP,54,61109  >  25565 [ACK] Seq=365 Ack=256552 Win=262400 Len=0
324,2.936683,209.222.115.47,192.168.0.200,TCP,1514,25565  >  61109 [ACK] Seq=256552 Ack=365 Win=30720 Len=1460
325,2.937165,209.222.115.47,192.168.0.200,TCP,1514,25565  >  61109 [ACK] Seq=258012 Ack=365 Win=30720 Len=1460
326,2.9372,209.222.115.47,192.168.0.200,TCP,1514,25565  >  61109 [ACK] Seq=259472 Ack=365 Win=30720 Len=1460
327,2.9372,209.222.115.47,192.168.0.200,TCP,1514,25565  >  61109 [ACK] Seq=260932 Ack=365 Win=30720 Len=1460
328,2.9372,209.222.115.47,192.168.0.200,TCP,1514,25565  >  61109 [ACK] Seq=262392 Ack=365 Win=30720 Len=1460
329,2.937222,209.222.115.47,192.168.0.200,TCP,1153,"25565  >  61109 [PSH, ACK] Seq=263852 Ack=365 Win=30720 Len=1099"
330,2.937228,192.168.0.200,209.222.115.47,TCP,54,61109  >  25565 [ACK] Seq=365 Ack=259472 Win=262400 Len=0
331,2.93724,192.168.0.200,209.222.115.47,TCP,54,61109  >  25565 [ACK] Seq=365 Ack=263852 Win=262400 Len=0
332,2.937261,192.168.0.200,209.222.115.47,TCP,54,61109  >  25565 [ACK] Seq=365 Ack=264951 Win=261120 Len=0
333,2.938992,209.222.115.47,192.168.0.200,TCP,1514,25565  >  61109 [ACK] Seq=264951 Ack=365 Win=30720 Len=1460
334,2.940607,209.222.115.47,192.168.0.200,TCP,1514,25565  >  61109 [ACK] Seq=266411 Ack=365 Win=30720 Len=1460
335,2.940657,209.222.115.47,192.168.0.200,TCP,1514,25565  >  61109 [ACK] Seq=267871 Ack=365 Win=30720 Len=1460
336,2.940657,209.222.115.47,192.168.0.200,TCP,1514,25565  >  61109 [ACK] Seq=269331 Ack=365 Win=30720 Len=1460
337,2.940657,209.222.115.47,192.168.0.200,TCP,1514,25565  >  61109 [ACK] Seq=270791 Ack=365 Win=30720 Len=1460
338,2.940705,192.168.0.200,209.222.115.47,TCP,54,61109  >  25565 [ACK] Seq=365 Ack=267871 Win=262400 Len=0
339,2.940705,192.168.0.200,209.222.115.47,TCP,54,61109  >  25565 [ACK] Seq=365 Ack=272251 Win=262400 Len=0
340,2.941314,209.222.115.47,192.168.0.200,TCP,1514,25565  >  61109 [ACK] Seq=272251 Ack=365 Win=30720 Len=1460
341,2.941314,209.222.115.47,192.168.0.200,TCP,233,"25565  >  61109 [PSH, ACK] Seq=273711 Ack=365 Win=30720 Len=179"
342,2.941344,209.222.115.47,192.168.0.200,TCP,1514,25565  >  61109 [ACK] Seq=273890 Ack=365 Win=30720 Len=1460
343,2.941344,209.222.115.47,192.168.0.200,TCP,1514,25565  >  61109 [ACK] Seq=275350 Ack=365 Win=30720 Len=1460
344,2.941357,192.168.0.200,209.222.115.47,TCP,54,61109  >  25565 [ACK] Seq=365 Ack=273890 Win=262400 Len=0
345,2.941362,209.222.115.47,192.168.0.200,TCP,1514,25565  >  61109 [ACK] Seq=276810 Ack=365 Win=30720 Len=1460
346,2.941362,209.222.115.47,192.168.0.200,TCP,1514,25565  >  61109 [ACK] Seq=278270 Ack=365 Win=30720 Len=1460
347,2.941375,209.222.115.47,192.168.0.200,TCP,1514,25565  >  61109 [ACK] Seq=279730 Ack=365 Win=30720 Len=1460
348,2.941375,209.222.115.47,192.168.0.200,TCP,680,"25565  >  61109 [PSH, ACK] Seq=281190 Ack=365 Win=30720 Len=626"
349,2.941385,192.168.0.200,209.222.115.47,TCP,54,61109  >  25565 [ACK] Seq=365 Ack=279730 Win=262400 Len=0
350,2.941388,209.222.115.47,192.168.0.200,TCP,1514,25565  >  61109 [ACK] Seq=281816 Ack=365 Win=30720 Len=1460
351,2.941401,192.168.0.200,209.222.115.47,TCP,54,61109  >  25565 [ACK] Seq=365 Ack=281816 Win=262400 Len=0
352,2.9414,209.222.115.47,192.168.0.200,TCP,1514,25565  >  61109 [ACK] Seq=283276 Ack=365 Win=30720 Len=1460
353,2.941405,192.168.0.200,209.222.115.47,TCP,54,61109  >  25565 [ACK] Seq=365 Ack=276810 Win=262400 Len=0
354,2.941419,192.168.0.200,209.222.115.47,TCP,54,61109  >  25565 [ACK] Seq=365 Ack=283276 Win=262400 Len=0
355,2.941415,209.222.115.47,192.168.0.200,TCP,1514,25565  >  61109 [ACK] Seq=284736 Ack=365 Win=30720 Len=1460
356,2.941435,209.222.115.47,192.168.0.200,TCP,1514,25565  >  61109 [ACK] Seq=286196 Ack=365 Win=30720 Len=1460
357,2.941435,209.222.115.47,192.168.0.200,TCP,131,"25565  >  61109 [PSH, ACK] Seq=287656 Ack=365 Win=30720 Len=77"
358,2.941444,192.168.0.200,209.222.115.47,TCP,54,61109  >  25565 [ACK] Seq=365 Ack=286196 Win=262400 Len=0
359,2.941447,209.222.115.47,192.168.0.200,TCP,1514,25565  >  61109 [ACK] Seq=287733 Ack=365 Win=30720 Len=1460
360,2.941453,209.222.115.47,192.168.0.200,TCP,1514,25565  >  61109 [ACK] Seq=289193 Ack=365 Win=30720 Len=1460
361,2.941455,192.168.0.200,209.222.115.47,TCP,54,61109  >  25565 [ACK] Seq=365 Ack=287733 Win=262400 Len=0
362,2.941465,209.222.115.47,192.168.0.200,TCP,1514,25565  >  61109 [ACK] Seq=290653 Ack=365 Win=30720 Len=1460
363,2.94147,192.168.0.200,209.222.115.47,TCP,54,61109  >  25565 [ACK] Seq=365 Ack=290653 Win=262400 Len=0
364,2.941474,209.222.115.47,192.168.0.200,TCP,1310,"25565  >  61109 [PSH, ACK] Seq=292113 Ack=365 Win=30720 Len=1256"
365,2.941487,209.222.115.47,192.168.0.200,TCP,1514,25565  >  61109 [ACK] Seq=293369 Ack=365 Win=30720 Len=1460
366,2.941498,192.168.0.200,209.222.115.47,TCP,54,61109  >  25565 [ACK] Seq=365 Ack=293369 Win=262400 Len=0
367,2.9415,209.222.115.47,192.168.0.200,TCP,1514,25565  >  61109 [ACK] Seq=294829 Ack=365 Win=30720 Len=1460
368,2.941512,209.222.115.47,192.168.0.200,TCP,932,"25565  >  61109 [PSH, ACK] Seq=296289 Ack=365 Win=30720 Len=878"
369,2.941512,209.222.115.47,192.168.0.200,TCP,187,"25565  >  61109 [PSH, ACK] Seq=297167 Ack=365 Win=30720 Len=133"
370,2.941525,192.168.0.200,209.222.115.47,TCP,54,61109  >  25565 [ACK] Seq=365 Ack=296289 Win=262400 Len=0
371,2.941534,192.168.0.200,209.222.115.47,TCP,54,61109  >  25565 [ACK] Seq=365 Ack=297300 Win=261376 Len=0
372,3.003839,209.222.115.47,192.168.0.200,TCP,222,"25565  >  61109 [PSH, ACK] Seq=297300 Ack=365 Win=30720 Len=168"
373,3.004131,209.222.115.47,192.168.0.200,TCP,228,"25565  >  61109 [PSH, ACK] Seq=297468 Ack=365 Win=30720 Len=174"
374,3.00419,192.168.0.200,209.222.115.47,TCP,54,61109  >  25565 [ACK] Seq=365 Ack=297642 Win=262400 Len=0
375,3.004492,209.222.115.47,192.168.0.200,TCP,222,"25565  >  61109 [PSH, ACK] Seq=297642 Ack=365 Win=30720 Len=168"
376,3.004492,209.222.115.47,192.168.0.200,TCP,407,"25565  >  61109 [PSH, ACK] Seq=297810 Ack=365 Win=30720 Len=353"
377,3.004536,192.168.0.200,209.222.115.47,TCP,54,61109  >  25565 [ACK] Seq=365 Ack=298163 Win=261632 Len=0
378,3.00512,209.222.115.47,192.168.0.200,TCP,115,"25565  >  61109 [PSH, ACK] Seq=298163 Ack=365 Win=30720 Len=61"
379,3.00512,209.222.115.47,192.168.0.200,TCP,100,"25565  >  61109 [PSH, ACK] Seq=298224 Ack=365 Win=30720 Len=46"
380,3.005158,192.168.0.200,209.222.115.47,TCP,54,61109  >  25565 [ACK] Seq=365 Ack=298270 Win=261632 Len=0
381,3.007061,209.222.115.47,192.168.0.200,TCP,1514,25565  >  61109 [ACK] Seq=298270 Ack=365 Win=30720 Len=1460
382,3.008708,209.222.115.47,192.168.0.200,TCP,1514,25565  >  61109 [ACK] Seq=299730 Ack=365 Win=30720 Len=1460
383,3.008761,209.222.115.47,192.168.0.200,TCP,1514,25565  >  61109 [ACK] Seq=301190 Ack=365 Win=30720 Len=1460
384,3.008761,209.222.115.47,192.168.0.200,TCP,1472,"25565  >  61109 [PSH, ACK] Seq=302650 Ack=365 Win=30720 Len=1418"
385,3.008761,209.222.115.47,192.168.0.200,TCP,1514,25565  >  61109 [ACK] Seq=304068 Ack=365 Win=30720 Len=1460
386,3.008761,209.222.115.47,192.168.0.200,TCP,1514,25565  >  61109 [ACK] Seq=305528 Ack=365 Win=30720 Len=1460
387,3.008761,209.222.115.47,192.168.0.200,TCP,1514,25565  >  61109 [ACK] Seq=306988 Ack=365 Win=30720 Len=1460
388,3.008792,209.222.115.47,192.168.0.200,TCP,1514,25565  >  61109 [ACK] Seq=308448 Ack=365 Win=30720 Len=1460
389,3.008792,209.222.115.47,192.168.0.200,TCP,433,"25565  >  61109 [PSH, ACK] Seq=309908 Ack=365 Win=30720 Len=379"
390,3.008792,209.222.115.47,192.168.0.200,TCP,1514,25565  >  61109 [ACK] Seq=310287 Ack=365 Win=30720 Len=1460
391,3.008819,192.168.0.200,209.222.115.47,TCP,54,61109  >  25565 [ACK] Seq=365 Ack=301190 Win=262400 Len=0
392,3.008819,192.168.0.200,209.222.115.47,TCP,54,61109  >  25565 [ACK] Seq=365 Ack=308448 Win=262400 Len=0
393,3.008811,209.222.115.47,192.168.0.200,TCP,1514,25565  >  61109 [ACK] Seq=311747 Ack=365 Win=30720 Len=1460
394,3.008843,192.168.0.200,209.222.115.47,TCP,54,61109  >  25565 [ACK] Seq=365 Ack=311747 Win=262400 Len=0
395,3.009503,209.222.115.47,192.168.0.200,TCP,1514,25565  >  61109 [ACK] Seq=313207 Ack=365 Win=30720 Len=1460
396,3.009503,209.222.115.47,192.168.0.200,TCP,137,"25565  >  61109 [PSH, ACK] Seq=314667 Ack=365 Win=30720 Len=83"
397,3.009531,209.222.115.47,192.168.0.200,TCP,1514,25565  >  61109 [ACK] Seq=314750 Ack=365 Win=30720 Len=1460
398,3.009531,209.222.115.47,192.168.0.200,TCP,1514,25565  >  61109 [ACK] Seq=316210 Ack=365 Win=30720 Len=1460
399,3.009544,209.222.115.47,192.168.0.200,TCP,1514,25565  >  61109 [ACK] Seq=317670 Ack=365 Win=30720 Len=1460
400,3.009544,209.222.115.47,192.168.0.200,TCP,458,"25565  >  61109 [PSH, ACK] Seq=319130 Ack=365 Win=30720 Len=404"
401,3.00955,192.168.0.200,209.222.115.47,TCP,54,61109  >  25565 [ACK] Seq=365 Ack=314750 Win=262400 Len=0
402,3.009559,209.222.115.47,192.168.0.200,TCP,1514,25565  >  61109 [ACK] Seq=319534 Ack=365 Win=30720 Len=1460
403,3.009564,192.168.0.200,209.222.115.47,TCP,54,61109  >  25565 [ACK] Seq=365 Ack=317670 Win=262400 Len=0
404,3.009571,209.222.115.47,192.168.0.200,TCP,1514,25565  >  61109 [ACK] Seq=320994 Ack=365 Win=30720 Len=1460
405,3.009571,209.222.115.47,192.168.0.200,TCP,940,"25565  >  61109 [PSH, ACK] Seq=322454 Ack=365 Win=30720 Len=886"
406,3.009575,192.168.0.200,209.222.115.47,TCP,54,61109  >  25565 [ACK] Seq=365 Ack=319534 Win=262400 Len=0
407,3.009587,209.222.115.47,192.168.0.200,TCP,1514,25565  >  61109 [ACK] Seq=323340 Ack=365 Win=30720 Len=1460
408,3.009587,209.222.115.47,192.168.0.200,TCP,60,"25565  >  61109 [PSH, ACK] Seq=324800 Ack=365 Win=30720 Len=6"
409,3.009587,209.222.115.47,192.168.0.200,TCP,695,"25565  >  61109 [PSH, ACK] Seq=324806 Ack=365 Win=30720 Len=641"
410,3.009592,192.168.0.200,209.222.115.47,TCP,54,61109  >  25565 [ACK] Seq=365 Ack=320994 Win=262400 Len=0
411,3.009594,192.168.0.200,209.222.115.47,TCP,54,61109  >  25565 [ACK] Seq=365 Ack=323340 Win=262400 Len=0
412,3.009603,209.222.115.47,192.168.0.200,TCP,628,"25565  >  61109 [PSH, ACK] Seq=325447 Ack=365 Win=30720 Len=574"
413,3.009616,209.222.115.47,192.168.0.200,TCP,1411,"25565  >  61109 [PSH, ACK] Seq=326021 Ack=365 Win=30720 Len=1357"
414,3.009616,209.222.115.47,192.168.0.200,TCP,341,"25565  >  61109 [PSH, ACK] Seq=327378 Ack=365 Win=30720 Len=287"
415,3.009618,192.168.0.200,209.222.115.47,TCP,54,61109  >  25565 [ACK] Seq=365 Ack=325447 Win=262400 Len=0
416,3.009616,209.222.115.47,192.168.0.200,TCP,352,"25565  >  61109 [PSH, ACK] Seq=327665 Ack=365 Win=30720 Len=298"
417,3.009616,209.222.115.47,192.168.0.200,TCP,341,"25565  >  61109 [PSH, ACK] Seq=327963 Ack=365 Win=30720 Len=287"
418,3.009616,209.222.115.47,192.168.0.200,TCP,551,"25565  >  61109 [PSH, ACK] Seq=328250 Ack=365 Win=30720 Len=497"
419,3.009627,192.168.0.200,209.222.115.47,TCP,54,61109  >  25565 [ACK] Seq=365 Ack=326021 Win=261632 Len=0
420,3.009641,209.222.115.47,192.168.0.200,TCP,341,"25565  >  61109 [PSH, ACK] Seq=328747 Ack=365 Win=30720 Len=287"
421,3.009641,209.222.115.47,192.168.0.200,TCP,418,"25565  >  61109 [PSH, ACK] Seq=329034 Ack=365 Win=30720 Len=364"
422,3.00965,192.168.0.200,209.222.115.47,TCP,54,61109  >  25565 [ACK] Seq=365 Ack=328747 Win=262400 Len=0
423,3.009666,209.222.115.47,192.168.0.200,TCP,617,"25565  >  61109 [PSH, ACK] Seq=329398 Ack=365 Win=30720 Len=563"
424,3.009666,209.222.115.47,192.168.0.200,TCP,562,"25565  >  61109 [PSH, ACK] Seq=329961 Ack=365 Win=30720 Len=508"
425,3.009666,209.222.115.47,192.168.0.200,TCP,628,"25565  >  61109 [PSH, ACK] Seq=330469 Ack=365 Win=30720 Len=574"
426,3.009679,192.168.0.200,209.222.115.47,TCP,54,61109  >  25565 [ACK] Seq=365 Ack=329398 Win=261632 Len=0
427,3.009683,209.222.115.47,192.168.0.200,TCP,407,"25565  >  61109 [PSH, ACK] Seq=331043 Ack=365 Win=30720 Len=353"
428,3.009693,192.168.0.200,209.222.115.47,TCP,54,61109  >  25565 [ACK] Seq=365 Ack=331043 Win=262400 Len=0
429,3.009694,209.222.115.47,192.168.0.200,TCP,562,"25565  >  61109 [PSH, ACK] Seq=331396 Ack=365 Win=30720 Len=508"
430,3.009694,209.222.115.47,192.168.0.200,TCP,187,"25565  >  61109 [PSH, ACK] Seq=331904 Ack=365 Win=30720 Len=133"
431,3.009694,209.222.115.47,192.168.0.200,TCP,341,"25565  >  61109 [PSH, ACK] Seq=332037 Ack=365 Win=30720 Len=287"
432,3.009709,209.222.115.47,192.168.0.200,TCP,639,"25565  >  61109 [PSH, ACK] Seq=332324 Ack=365 Win=30720 Len=585"
433,3.009717,192.168.0.200,209.222.115.47,TCP,54,61109  >  25565 [ACK] Seq=365 Ack=332324 Win=261120 Len=0
434,3.00972,209.222.115.47,192.168.0.200,TCP,197,"25565  >  61109 [PSH, ACK] Seq=332909 Ack=365 Win=30720 Len=143"
435,3.00973,209.222.115.47,192.168.0.200,TCP,628,"25565  >  61109 [PSH, ACK] Seq=333052 Ack=365 Win=30720 Len=574"
436,3.009738,192.168.0.200,209.222.115.47,TCP,54,61109  >  25565 [ACK] Seq=365 Ack=333052 Win=262400 Len=0
437,3.010575,209.222.115.47,192.168.0.200,TCP,705,"25565  >  61109 [PSH, ACK] Seq=333626 Ack=365 Win=30720 Len=651"
438,3.010575,209.222.115.47,192.168.0.200,TCP,408,"25565  >  61109 [PSH, ACK] Seq=334277 Ack=365 Win=30720 Len=354"
439,3.010575,209.222.115.47,192.168.0.200,TCP,554,"25565  >  61109 [PSH, ACK] Seq=334631 Ack=365 Win=30720 Len=500"
440,3.010597,209.222.115.47,192.168.0.200,TCP,358,"25565  >  61109 [PSH, ACK] Seq=335131 Ack=365 Win=30720 Len=304"
441,3.010607,209.222.115.47,192.168.0.200,TCP,964,"25565  >  61109 [PSH, ACK] Seq=335435 Ack=365 Win=30720 Len=910"
442,3.010607,209.222.115.47,192.168.0.200,TCP,343,"25565  >  61109 [PSH, ACK] Seq=336345 Ack=365 Win=30720 Len=289"
443,3.010607,209.222.115.47,192.168.0.200,TCP,185,"25565  >  61109 [PSH, ACK] Seq=336634 Ack=365 Win=30720 Len=131"
444,3.01061,192.168.0.200,209.222.115.47,TCP,54,61109  >  25565 [ACK] Seq=365 Ack=335131 Win=262400 Len=0
445,3.01064,192.168.0.200,209.222.115.47,TCP,54,61109  >  25565 [ACK] Seq=365 Ack=336765 Win=262400 Len=0
448,3.02699,209.222.115.47,192.168.0.200,TCP,60,"25565  >  61109 [PSH, ACK] Seq=336765 Ack=365 Win=30720 Len=5"
449,3.027355,209.222.115.47,192.168.0.200,TCP,60,"25565  >  61109 [PSH, ACK] Seq=336770 Ack=365 Win=30720 Len=5"
450,3.027355,209.222.115.47,192.168.0.200,TCP,240,"25565  >  61109 [PSH, ACK] Seq=336775 Ack=365 Win=30720 Len=186"
451,3.027424,192.168.0.200,209.222.115.47,TCP,54,61109  >  25565 [ACK] Seq=365 Ack=336961 Win=262144 Len=0
452,3.030102,209.222.115.47,192.168.0.200,TCP,115,"25565  >  61109 [PSH, ACK] Seq=336961 Ack=365 Win=30720 Len=61"
453,3.030171,192.168.0.200,209.222.115.47,TCP,54,61109  >  25565 [ACK] Seq=365 Ack=337022 Win=262144 Len=0
454,3.030456,209.222.115.47,192.168.0.200,TCP,78,"25565  >  61109 [PSH, ACK] Seq=337022 Ack=365 Win=30720 Len=24"
455,3.030853,209.222.115.47,192.168.0.200,TCP,611,"25565  >  61109 [PSH, ACK] Seq=337046 Ack=365 Win=30720 Len=557"
456,3.030908,192.168.0.200,209.222.115.47,TCP,54,61109  >  25565 [ACK] Seq=365 Ack=337603 Win=261376 Len=0
457,3.031952,209.222.115.47,192.168.0.200,TCP,1514,25565  >  61109 [ACK] Seq=337603 Ack=365 Win=30720 Len=1460
458,3.032424,209.222.115.47,192.168.0.200,TCP,1514,25565  >  61109 [ACK] Seq=339063 Ack=365 Win=30720 Len=1460
459,3.032478,192.168.0.200,209.222.115.47,TCP,54,61109  >  25565 [ACK] Seq=365 Ack=340523 Win=262400 Len=0
460,3.033252,209.222.115.47,192.168.0.200,TCP,1514,25565  >  61109 [ACK] Seq=340523 Ack=365 Win=30720 Len=1460
461,3.033252,209.222.115.47,192.168.0.200,TCP,937,"25565  >  61109 [PSH, ACK] Seq=341983 Ack=365 Win=30720 Len=883"
462,3.033283,209.222.115.47,192.168.0.200,TCP,1514,25565  >  61109 [ACK] Seq=342866 Ack=365 Win=30720 Len=1460
463,3.033283,209.222.115.47,192.168.0.200,TCP,1514,25565  >  61109 [ACK] Seq=344326 Ack=365 Win=30720 Len=1460
464,3.033301,192.168.0.200,209.222.115.47,TCP,54,61109  >  25565 [ACK] Seq=365 Ack=342866 Win=262400 Len=0
465,3.033301,209.222.115.47,192.168.0.200,TCP,1514,25565  >  61109 [ACK] Seq=345786 Ack=365 Win=30720 Len=1460
466,3.033301,209.222.115.47,192.168.0.200,TCP,268,"25565  >  61109 [PSH, ACK] Seq=347246 Ack=365 Win=30720 Len=214"
467,3.033328,192.168.0.200,209.222.115.47,TCP,54,61109  >  25565 [ACK] Seq=365 Ack=345786 Win=262400 Len=0
468,3.033335,209.222.115.47,192.168.0.200,TCP,1514,25565  >  61109 [ACK] Seq=347460 Ack=365 Win=30720 Len=1460
469,3.033335,209.222.115.47,192.168.0.200,TCP,1514,25565  >  61109 [ACK] Seq=348920 Ack=365 Win=30720 Len=1460
470,3.033366,192.168.0.200,209.222.115.47,TCP,54,61109  >  25565 [ACK] Seq=365 Ack=350380 Win=262400 Len=0
471,3.033367,192.168.0.200,209.222.115.47,TCP,54,61109  >  25565 [ACK] Seq=365 Ack=347460 Win=262400 Len=0
472,3.033956,209.222.115.47,192.168.0.200,TCP,1202,"25565  >  61109 [PSH, ACK] Seq=350380 Ack=365 Win=30720 Len=1148"
473,3.033984,209.222.115.47,192.168.0.200,TCP,1514,25565  >  61109 [ACK] Seq=351528 Ack=365 Win=30720 Len=1460
474,3.033984,209.222.115.47,192.168.0.200,TCP,1514,25565  >  61109 [ACK] Seq=352988 Ack=365 Win=30720 Len=1460
475,3.034005,209.222.115.47,192.168.0.200,TCP,1514,25565  >  61109 [ACK] Seq=354448 Ack=365 Win=30720 Len=1460
476,3.034005,209.222.115.47,192.168.0.200,TCP,1514,25565  >  61109 [ACK] Seq=355908 Ack=365 Win=30720 Len=1460
477,3.03402,209.222.115.47,192.168.0.200,TCP,1410,"25565  >  61109 [PSH, ACK] Seq=357368 Ack=365 Win=30720 Len=1356"
478,3.03402,192.168.0.200,209.222.115.47,TCP,54,61109  >  25565 [ACK] Seq=365 Ack=354448 Win=262400 Len=0
479,3.03403,209.222.115.47,192.168.0.200,TCP,1514,25565  >  61109 [ACK] Seq=358724 Ack=365 Win=30720 Len=1460
480,3.034037,192.168.0.200,209.222.115.47,TCP,54,61109  >  25565 [ACK] Seq=365 Ack=357368 Win=262400 Len=0
481,3.034038,209.222.115.47,192.168.0.200,TCP,1514,25565  >  61109 [ACK] Seq=360184 Ack=365 Win=30720 Len=1460
482,3.034047,192.168.0.200,209.222.115.47,TCP,54,61109  >  25565 [ACK] Seq=365 Ack=358724 Win=262400 Len=0
483,3.034057,192.168.0.200,209.222.115.47,TCP,54,61109  >  25565 [ACK] Seq=365 Ack=361644 Win=262400 Len=0
484,3.034985,209.222.115.47,192.168.0.200,TCP,1514,25565  >  61109 [ACK] Seq=361644 Ack=365 Win=30720 Len=1460
485,3.034985,209.222.115.47,192.168.0.200,TCP,1514,25565  >  61109 [ACK] Seq=363104 Ack=365 Win=30720 Len=1460
486,3.034985,209.222.115.47,192.168.0.200,TCP,1348,"25565  >  61109 [PSH, ACK] Seq=364564 Ack=365 Win=30720 Len=1294"
487,3.035037,192.168.0.200,209.222.115.47,TCP,54,61109  >  25565 [ACK] Seq=365 Ack=365858 Win=259584 Len=0
488,3.035994,209.222.115.47,192.168.0.200,TCP,940,"25565  >  61109 [PSH, ACK] Seq=365858 Ack=365 Win=30720 Len=886"
489,3.036046,192.168.0.200,209.222.115.47,TCP,54,61109  >  25565 [ACK] Seq=365 Ack=366744 Win=258560 Len=0
490,3.036327,209.222.115.47,192.168.0.200,TCP,221,"25565  >  61109 [PSH, ACK] Seq=366744 Ack=365 Win=30720 Len=167"
491,3.036327,209.222.115.47,192.168.0.200,TCP,200,"25565  >  61109 [PSH, ACK] Seq=366911 Ack=365 Win=30720 Len=146"
492,3.036358,192.168.0.200,209.222.115.47,TCP,54,61109  >  25565 [ACK] Seq=365 Ack=367057 Win=258304 Len=0
493,3.037075,209.222.115.47,192.168.0.200,TCP,1253,"25565  >  61109 [PSH, ACK] Seq=367057 Ack=365 Win=30720 Len=1199"
494,3.037087,209.222.115.47,192.168.0.200,TCP,926,"25565  >  61109 [PSH, ACK] Seq=368256 Ack=365 Win=30720 Len=872"
495,3.037087,209.222.115.47,192.168.0.200,TCP,280,"25565  >  61109 [PSH, ACK] Seq=369128 Ack=365 Win=30720 Len=226"
496,3.037122,192.168.0.200,209.222.115.47,TCP,54,61109  >  25565 [ACK] Seq=365 Ack=369354 Win=256000 Len=0
497,3.040802,209.222.115.47,192.168.0.200,TCP,141,"25565  >  61109 [PSH, ACK] Seq=369354 Ack=365 Win=30720 Len=87"
498,3.040846,209.222.115.47,192.168.0.200,TCP,1136,"25565  >  61109 [PSH, ACK] Seq=369441 Ack=365 Win=30720 Len=1082"
499,3.040846,209.222.115.47,192.168.0.200,TCP,290,"25565  >  61109 [PSH, ACK] Seq=370523 Ack=365 Win=30720 Len=236"
500,3.040846,209.222.115.47,192.168.0.200,TCP,106,"25565  >  61109 [PSH, ACK] Seq=370759 Ack=365 Win=30720 Len=52"
501,3.040875,192.168.0.200,209.222.115.47,TCP,54,61109  >  25565 [ACK] Seq=365 Ack=369441 Win=256000 Len=0
502,3.040887,192.168.0.200,209.222.115.47,TCP,54,61109  >  25565 [ACK] Seq=365 Ack=370811 Win=254464 Len=0
505,3.075905,209.222.115.47,192.168.0.200,TCP,61,"25565  >  61109 [PSH, ACK] Seq=370811 Ack=365 Win=30720 Len=7"
506,3.075974,192.168.0.200,209.222.115.47,TCP,54,61109  >  25565 [ACK] Seq=365 Ack=370818 Win=254464 Len=0
507,3.076268,209.222.115.47,192.168.0.200,TCP,61,"25565  >  61109 [PSH, ACK] Seq=370818 Ack=365 Win=30720 Len=7"
508,3.076268,209.222.115.47,192.168.0.200,TCP,258,"25565  >  61109 [PSH, ACK] Seq=370825 Ack=365 Win=30720 Len=204"
509,3.076303,192.168.0.200,209.222.115.47,TCP,54,61109  >  25565 [ACK] Seq=365 Ack=371029 Win=254464 Len=0
510,3.083829,209.222.115.47,192.168.0.200,TCP,115,"25565  >  61109 [PSH, ACK] Seq=371029 Ack=365 Win=30720 Len=61"
511,3.084316,209.222.115.47,192.168.0.200,TCP,719,"25565  >  61109 [PSH, ACK] Seq=371090 Ack=365 Win=30720 Len=665"
512,3.084352,209.222.115.47,192.168.0.200,TCP,1514,25565  >  61109 [ACK] Seq=371755 Ack=365 Win=30720 Len=1460
513,3.084385,192.168.0.200,209.222.115.47,TCP,54,61109  >  25565 [ACK] Seq=365 Ack=371755 Win=253696 Len=0
514,3.084629,209.222.115.47,192.168.0.200,TCP,125,"25565  >  61109 [PSH, ACK] Seq=373215 Ack=365 Win=30720 Len=71"
515,3.084629,209.222.115.47,192.168.0.200,TCP,220,"25565  >  61109 [PSH, ACK] Seq=373286 Ack=365 Win=30720 Len=166"
516,3.084651,209.222.115.47,192.168.0.200,TCP,551,"25565  >  61109 [PSH, ACK] Seq=373452 Ack=365 Win=30720 Len=497"
517,3.084651,209.222.115.47,192.168.0.200,TCP,339,"25565  >  61109 [PSH, ACK] Seq=373949 Ack=365 Win=30720 Len=285"
518,3.084671,192.168.0.200,209.222.115.47,TCP,54,61109  >  25565 [ACK] Seq=365 Ack=373452 Win=251904 Len=0
519,3.084669,209.222.115.47,192.168.0.200,TCP,961,"25565  >  61109 [PSH, ACK] Seq=374234 Ack=365 Win=30720 Len=907"
520,3.084669,209.222.115.47,192.168.0.200,TCP,217,"25565  >  61109 [PSH, ACK] Seq=375141 Ack=365 Win=30720 Len=163"
521,3.084685,209.222.115.47,192.168.0.200,TCP,485,"25565  >  61109 [PSH, ACK] Seq=375304 Ack=365 Win=30720 Len=431"
522,3.084685,209.222.115.47,192.168.0.200,TCP,100,"25565  >  61109 [PSH, ACK] Seq=375735 Ack=365 Win=30720 Len=46"
523,3.084688,192.168.0.200,209.222.115.47,TCP,54,61109  >  25565 [ACK] Seq=365 Ack=374234 Win=251136 Len=0
524,3.084698,209.222.115.47,192.168.0.200,TCP,452,"25565  >  61109 [PSH, ACK] Seq=375781 Ack=365 Win=30720 Len=398"
525,3.084705,192.168.0.200,209.222.115.47,TCP,54,61109  >  25565 [ACK] Seq=365 Ack=375304 Win=250112 Len=0
526,3.084711,192.168.0.200,209.222.115.47,TCP,54,61109  >  25565 [ACK] Seq=365 Ack=375781 Win=249600 Len=0
527,3.084729,192.168.0.200,209.222.115.47,TCP,54,61109  >  25565 [ACK] Seq=365 Ack=376179 Win=249088 Len=0
528,3.086203,209.222.115.47,192.168.0.200,TCP,1514,25565  >  61109 [ACK] Seq=376179 Ack=365 Win=30720 Len=1460
529,3.086951,209.222.115.47,192.168.0.200,TCP,1514,25565  >  61109 [ACK] Seq=377639 Ack=365 Win=30720 Len=1460
530,3.086978,209.222.115.47,192.168.0.200,TCP,1514,25565  >  61109 [ACK] Seq=379099 Ack=365 Win=30720 Len=1460
531,3.086978,209.222.115.47,192.168.0.200,TCP,1514,25565  >  61109 [ACK] Seq=380559 Ack=365 Win=30720 Len=1460
532,3.086995,209.222.115.47,192.168.0.200,TCP,1514,25565  >  61109 [ACK] Seq=382019 Ack=365 Win=30720 Len=1460
533,3.086995,209.222.115.47,192.168.0.200,TCP,1514,25565  >  61109 [ACK] Seq=383479 Ack=365 Win=30720 Len=1460
534,3.086998,192.168.0.200,209.222.115.47,TCP,54,61109  >  25565 [ACK] Seq=365 Ack=379099 Win=246272 Len=0
535,3.087012,192.168.0.200,209.222.115.47,TCP,54,61109  >  25565 [ACK] Seq=365 Ack=382019 Win=243456 Len=0
536,3.087013,209.222.115.47,192.168.0.200,TCP,1514,25565  >  61109 [ACK] Seq=384939 Ack=365 Win=30720 Len=1460
537,3.087013,209.222.115.47,192.168.0.200,TCP,300,"25565  >  61109 [PSH, ACK] Seq=386399 Ack=365 Win=30720 Len=246"
538,3.087027,209.222.115.47,192.168.0.200,TCP,1514,25565  >  61109 [ACK] Seq=386645 Ack=365 Win=30720 Len=1460
539,3.087028,192.168.0.200,209.222.115.47,TCP,54,61109  >  25565 [ACK] Seq=365 Ack=384939 Win=240384 Len=0
540,3.087036,192.168.0.200,209.222.115.47,TCP,54,61109  >  25565 [ACK] Seq=365 Ack=386645 Win=238848 Len=0
541,3.08705,209.222.115.47,192.168.0.200,TCP,1514,25565  >  61109 [ACK] Seq=388105 Ack=365 Win=30720 Len=1460
542,3.087061,209.222.115.47,192.168.0.200,TCP,1514,25565  >  61109 [ACK] Seq=389565 Ack=365 Win=30720 Len=1460
543,3.087068,192.168.0.200,209.222.115.47,TCP,54,61109  >  25565 [ACK] Seq=365 Ack=389565 Win=235776 Len=0
544,3.087115,209.222.115.47,192.168.0.200,TCP,1514,25565  >  61109 [ACK] Seq=391025 Ack=365 Win=30720 Len=1460
545,3.087115,209.222.115.47,192.168.0.200,TCP,342,"25565  >  61109 [PSH, ACK] Seq=392485 Ack=365 Win=30720 Len=288"
546,3.087115,209.222.115.47,192.168.0.200,TCP,1514,25565  >  61109 [ACK] Seq=392773 Ack=365 Win=30720 Len=1460
547,3.087115,209.222.115.47,192.168.0.200,TCP,1514,25565  >  61109 [ACK] Seq=394233 Ack=365 Win=30720 Len=1460
548,3.087132,209.222.115.47,192.168.0.200,TCP,1514,25565  >  61109 [ACK] Seq=395693 Ack=365 Win=30720 Len=1460
549,3.08715,192.168.0.200,209.222.115.47,TCP,54,61109  >  25565 [ACK] Seq=365 Ack=397153 Win=228352 Len=0
550,3.087151,192.168.0.200,209.222.115.47,TCP,54,61109  >  25565 [ACK] Seq=365 Ack=395693 Win=229632 Len=0
551,3.087864,209.222.115.47,192.168.0.200,TCP,1299,"25565  >  61109 [PSH, ACK] Seq=397153 Ack=365 Win=30720 Len=1245"
552,3.087882,209.222.115.47,192.168.0.200,TCP,1514,25565  >  61109 [ACK] Seq=398398 Ack=365 Win=30720 Len=1460
553,3.0879,209.222.115.47,192.168.0.200,TCP,1514,25565  >  61109 [ACK] Seq=399858 Ack=365 Win=30720 Len=1460
554,3.0879,209.222.115.47,192.168.0.200,TCP,1514,25565  >  61109 [ACK] Seq=401318 Ack=365 Win=30720 Len=1460
555,3.0879,209.222.115.47,192.168.0.200,TCP,584,"25565  >  61109 [PSH, ACK] Seq=402778 Ack=365 Win=30720 Len=530"
556,3.087914,192.168.0.200,209.222.115.47,TCP,54,61109  >  25565 [ACK] Seq=365 Ack=399858 Win=225536 Len=0
557,3.087915,209.222.115.47,192.168.0.200,TCP,1514,25565  >  61109 [ACK] Seq=403308 Ack=365 Win=30720 Len=1460
558,3.087928,209.222.115.47,192.168.0.200,TCP,1514,25565  >  61109 [ACK] Seq=404768 Ack=365 Win=30720 Len=1460
559,3.087929,192.168.0.200,209.222.115.47,TCP,54,61109  >  25565 [ACK] Seq=365 Ack=403308 Win=221952 Len=0
560,3.087942,209.222.115.47,192.168.0.200,TCP,1514,25565  >  61109 [ACK] Seq=406228 Ack=365 Win=30720 Len=1460
561,3.087942,209.222.115.47,192.168.0.200,TCP,91,"25565  >  61109 [PSH, ACK] Seq=407688 Ack=365 Win=30720 Len=37"
562,3.087942,209.222.115.47,192.168.0.200,TCP,154,"25565  >  61109 [PSH, ACK] Seq=407725 Ack=365 Win=30720 Len=100"
563,3.087954,192.168.0.200,209.222.115.47,TCP,54,61109  >  25565 [ACK] Seq=365 Ack=404768 Win=220672 Len=0
564,3.087964,192.168.0.200,209.222.115.47,TCP,54,61109  >  25565 [ACK] Seq=365 Ack=407825 Win=217600 Len=0
565,3.091178,209.222.115.47,192.168.0.200,TCP,119,"25565  >  61109 [PSH, ACK] Seq=407825 Ack=365 Win=30720 Len=65"
566,3.091299,209.222.115.47,192.168.0.200,TCP,899,"25565  >  61109 [PSH, ACK] Seq=407890 Ack=365 Win=30720 Len=845"
567,3.09133,209.222.115.47,192.168.0.200,TCP,769,"25565  >  61109 [PSH, ACK] Seq=408735 Ack=365 Win=30720 Len=715"
568,3.09133,209.222.115.47,192.168.0.200,TCP,119,"25565  >  61109 [PSH, ACK] Seq=409450 Ack=365 Win=30720 Len=65"
569,3.09133,209.222.115.47,192.168.0.200,TCP,314,"25565  >  61109 [PSH, ACK] Seq=409515 Ack=365 Win=30720 Len=260"
570,3.091359,192.168.0.200,209.222.115.47,TCP,54,61109  >  25565 [ACK] Seq=365 Ack=408735 Win=216576 Len=0
571,3.091366,192.168.0.200,209.222.115.47,TCP,54,61109  >  25565 [ACK] Seq=365 Ack=409775 Win=215552 Len=0
573,3.132896,209.222.115.47,192.168.0.200,TCP,148,"25565  >  61109 [PSH, ACK] Seq=409775 Ack=365 Win=30720 Len=94"
574,3.132963,192.168.0.200,209.222.115.47,TCP,54,61109  >  25565 [ACK] Seq=365 Ack=409869 Win=215552 Len=0
575,3.138906,209.222.115.47,192.168.0.200,TCP,115,"25565  >  61109 [PSH, ACK] Seq=409869 Ack=365 Win=30720 Len=61"
576,3.138906,209.222.115.47,192.168.0.200,TCP,78,"25565  >  61109 [PSH, ACK] Seq=409930 Ack=365 Win=30720 Len=24"
577,3.138906,209.222.115.47,192.168.0.200,TCP,76,"25565  >  61109 [PSH, ACK] Seq=409954 Ack=365 Win=30720 Len=22"
578,3.138947,209.222.115.47,192.168.0.200,TCP,1514,25565  >  61109 [ACK] Seq=409976 Ack=365 Win=30720 Len=1460
579,3.138947,209.222.115.47,192.168.0.200,TCP,1514,25565  >  61109 [ACK] Seq=411436 Ack=365 Win=30720 Len=1460
580,3.138947,209.222.115.47,192.168.0.200,TCP,1514,25565  >  61109 [ACK] Seq=412896 Ack=365 Win=30720 Len=1460
581,3.138947,209.222.115.47,192.168.0.200,TCP,1514,25565  >  61109 [ACK] Seq=414356 Ack=365 Win=30720 Len=1460
582,3.138947,209.222.115.47,192.168.0.200,TCP,120,"25565  >  61109 [PSH, ACK] Seq=415816 Ack=365 Win=30720 Len=66"
583,3.138972,192.168.0.200,209.222.115.47,TCP,54,61109  >  25565 [ACK] Seq=365 Ack=409976 Win=215296 Len=0
584,3.13898,209.222.115.47,192.168.0.200,TCP,1514,25565  >  61109 [ACK] Seq=415882 Ack=365 Win=30720 Len=1460
585,3.13898,209.222.115.47,192.168.0.200,TCP,1514,25565  >  61109 [ACK] Seq=417342 Ack=365 Win=30720 Len=1460
586,3.138999,192.168.0.200,209.222.115.47,TCP,54,61109  >  25565 [ACK] Seq=365 Ack=415882 Win=209408 Len=0
587,3.13898,209.222.115.47,192.168.0.200,TCP,1514,25565  >  61109 [ACK] Seq=418802 Ack=365 Win=30720 Len=1460
588,3.139025,209.222.115.47,192.168.0.200,TCP,1514,25565  >  61109 [ACK] Seq=420262 Ack=365 Win=30720 Len=1460
589,3.139025,209.222.115.47,192.168.0.200,TCP,573,"25565  >  61109 [PSH, ACK] Seq=421722 Ack=365 Win=30720 Len=519"
590,3.139025,209.222.115.47,192.168.0.200,TCP,1514,25565  >  61109 [ACK] Seq=422241 Ack=365 Win=30720 Len=1460
591,3.139025,209.222.115.47,192.168.0.200,TCP,1514,25565  >  61109 [ACK] Seq=423701 Ack=365 Win=30720 Len=1460
592,3.139032,192.168.0.200,209.222.115.47,TCP,54,61109  >  25565 [ACK] Seq=365 Ack=420262 Win=205056 Len=0
593,3.139044,209.222.115.47,192.168.0.200,TCP,1514,25565  >  61109 [ACK] Seq=425161 Ack=365 Win=30720 Len=1460
594,3.139059,209.222.115.47,192.168.0.200,TCP,1514,25565  >  61109 [ACK] Seq=426621 Ack=365 Win=30720 Len=1460
595,3.139059,209.222.115.47,192.168.0.200,TCP,222,"25565  >  61109 [PSH, ACK] Seq=428081 Ack=365 Win=30720 Len=168"
596,3.139059,209.222.115.47,192.168.0.200,TCP,1514,25565  >  61109 [ACK] Seq=428249 Ack=365 Win=30720 Len=1460
597,3.139073,192.168.0.200,209.222.115.47,TCP,54,61109  >  25565 [ACK] Seq=365 Ack=425161 Win=200192 Len=0
598,3.139074,192.168.0.200,209.222.115.47,TCP,54,61109  >  25565 [ACK] Seq=365 Ack=426621 Win=198656 Len=0
599,3.139073,209.222.115.47,192.168.0.200,TCP,1514,25565  >  61109 [ACK] Seq=429709 Ack=365 Win=30720 Len=1460
600,3.139087,209.222.115.47,192.168.0.200,TCP,1514,25565  >  61109 [ACK] Seq=431169 Ack=365 Win=30720 Len=1460
601,3.139104,192.168.0.200,209.222.115.47,TCP,54,61109  >  25565 [ACK] Seq=365 Ack=431169 Win=194304 Len=0
602,3.139116,192.168.0.200,209.222.115.47,TCP,54,61109  >  25565 [ACK] Seq=365 Ack=429709 Win=195584 Len=0
603,3.149018,209.222.115.47,192.168.0.200,TCP,1514,25565  >  61109 [ACK] Seq=432629 Ack=365 Win=30720 Len=1460
604,3.149018,209.222.115.47,192.168.0.200,TCP,468,"25565  >  61109 [PSH, ACK] Seq=434089 Ack=365 Win=30720 Len=414"
605,3.149096,209.222.115.47,192.168.0.200,TCP,1514,25565  >  61109 [ACK] Seq=434503 Ack=365 Win=30720 Len=1460
606,3.149096,209.222.115.47,192.168.0.200,TCP,1514,25565  >  61109 [ACK] Seq=435963 Ack=365 Win=30720 Len=1460
607,3.149149,192.168.0.200,209.222.115.47,TCP,54,61109  >  25565 [ACK] Seq=365 Ack=434503 Win=190976 Len=0
608,3.14916,192.168.0.200,209.222.115.47,TCP,54,61109  >  25565 [ACK] Seq=365 Ack=437423 Win=187904 Len=0
609,3.153524,209.222.115.47,192.168.0.200,TCP,1514,25565  >  61109 [ACK] Seq=437423 Ack=365 Win=30720 Len=1460
610,3.153597,192.168.0.200,209.222.115.47,TCP,54,61109  >  25565 [ACK] Seq=365 Ack=438883 Win=186624 Len=0
611,3.157553,209.222.115.47,192.168.0.200,TCP,1514,25565  >  61109 [ACK] Seq=438883 Ack=365 Win=30720 Len=1460
612,3.15759,209.222.115.47,192.168.0.200,TCP,1514,25565  >  61109 [ACK] Seq=440343 Ack=365 Win=30720 Len=1460
613,3.15759,209.222.115.47,192.168.0.200,TCP,622,"25565  >  61109 [PSH, ACK] Seq=441803 Ack=365 Win=30720 Len=568"
614,3.15759,209.222.115.47,192.168.0.200,TCP,120,"25565  >  61109 [PSH, ACK] Seq=442371 Ack=365 Win=30720 Len=66"
615,3.15759,209.222.115.47,192.168.0.200,TCP,103,"25565  >  61109 [PSH, ACK] Seq=442437 Ack=365 Win=30720 Len=49"
616,3.15759,209.222.115.47,192.168.0.200,TCP,834,"25565  >  61109 [PSH, ACK] Seq=442486 Ack=365 Win=30720 Len=780"
617,3.15759,209.222.115.47,192.168.0.200,TCP,574,"25565  >  61109 [PSH, ACK] Seq=443266 Ack=365 Win=30720 Len=520"
618,3.15759,209.222.115.47,192.168.0.200,TCP,639,"25565  >  61109 [PSH, ACK] Seq=443786 Ack=365 Win=30720 Len=585"
619,3.157664,192.168.0.200,209.222.115.47,TCP,54,61109  >  25565 [ACK] Seq=365 Ack=444371 Win=180992 Len=0
620,3.181241,209.222.115.47,192.168.0.200,TCP,115,"25565  >  61109 [PSH, ACK] Seq=444371 Ack=365 Win=30720 Len=61"
621,3.181984,209.222.115.47,192.168.0.200,TCP,78,"25565  >  61109 [PSH, ACK] Seq=444432 Ack=365 Win=30720 Len=24"
622,3.181984,209.222.115.47,192.168.0.200,TCP,76,"25565  >  61109 [PSH, ACK] Seq=444456 Ack=365 Win=30720 Len=22"
623,3.182061,192.168.0.200,209.222.115.47,TCP,54,61109  >  25565 [ACK] Seq=365 Ack=444478 Win=180992 Len=0
624,3.182377,209.222.115.47,192.168.0.200,TCP,1514,25565  >  61109 [ACK] Seq=444478 Ack=365 Win=30720 Len=1460
625,3.182404,209.222.115.47,192.168.0.200,TCP,1514,25565  >  61109 [ACK] Seq=445938 Ack=365 Win=30720 Len=1460
626,3.182404,209.222.115.47,192.168.0.200,TCP,1514,25565  >  61109 [ACK] Seq=447398 Ack=365 Win=30720 Len=1460
627,3.182416,192.168.0.200,209.222.115.47,TCP,54,61109  >  25565 [ACK] Seq=365 Ack=445938 Win=179456 Len=0
628,3.182425,209.222.115.47,192.168.0.200,TCP,1514,25565  >  61109 [ACK] Seq=448858 Ack=365 Win=30720 Len=1460
629,3.18245,192.168.0.200,209.222.115.47,TCP,54,61109  >  25565 [ACK] Seq=365 Ack=448858 Win=176640 Len=0
630,3.182757,209.222.115.47,192.168.0.200,TCP,1514,25565  >  61109 [ACK] Seq=450318 Ack=365 Win=30720 Len=1460
631,3.182757,209.222.115.47,192.168.0.200,TCP,306,"25565  >  61109 [PSH, ACK] Seq=451778 Ack=365 Win=30720 Len=252"
632,3.182774,209.222.115.47,192.168.0.200,TCP,1514,25565  >  61109 [ACK] Seq=452030 Ack=365 Win=30720 Len=1460
633,3.182793,192.168.0.200,209.222.115.47,TCP,54,61109  >  25565 [ACK] Seq=365 Ack=452030 Win=173312 Len=0
634,3.182805,192.168.0.200,209.222.115.47,TCP,54,61109  >  25565 [ACK] Seq=365 Ack=453490 Win=171776 Len=0
635,3.183904,209.222.115.47,192.168.0.200,TCP,1514,25565  >  61109 [ACK] Seq=453490 Ack=365 Win=30720 Len=1460
636,3.183924,209.222.115.47,192.168.0.200,TCP,1514,25565  >  61109 [ACK] Seq=454950 Ack=365 Win=30720 Len=1460
637,3.183924,209.222.115.47,192.168.0.200,TCP,967,"25565  >  61109 [PSH, ACK] Seq=456410 Ack=365 Win=30720 Len=913"
638,3.18395,209.222.115.47,192.168.0.200,TCP,1514,25565  >  61109 [ACK] Seq=457323 Ack=365 Win=30720 Len=1460
639,3.18395,209.222.115.47,192.168.0.200,TCP,1514,25565  >  61109 [ACK] Seq=458783 Ack=365 Win=30720 Len=1460
640,3.183964,209.222.115.47,192.168.0.200,TCP,1253,"25565  >  61109 [PSH, ACK] Seq=460243 Ack=365 Win=30720 Len=1199"
641,3.183964,209.222.115.47,192.168.0.200,TCP,1514,25565  >  61109 [ACK] Seq=461442 Ack=365 Win=30720 Len=1460
642,3.183971,192.168.0.200,209.222.115.47,TCP,54,61109  >  25565 [ACK] Seq=365 Ack=457323 Win=167936 Len=0
643,3.183979,209.222.115.47,192.168.0.200,TCP,1514,25565  >  61109 [ACK] Seq=462902 Ack=365 Win=30720 Len=1460
644,3.183984,192.168.0.200,209.222.115.47,TCP,54,61109  >  25565 [ACK] Seq=365 Ack=460243 Win=165120 Len=0
645,3.183991,209.222.115.47,192.168.0.200,TCP,1514,25565  >  61109 [ACK] Seq=464362 Ack=365 Win=30720 Len=1460
646,3.184001,192.168.0.200,209.222.115.47,TCP,54,61109  >  25565 [ACK] Seq=365 Ack=464362 Win=161024 Len=0
647,3.184003,209.222.115.47,192.168.0.200,TCP,1514,25565  >  61109 [ACK] Seq=465822 Ack=365 Win=30720 Len=1460
648,3.184005,192.168.0.200,209.222.115.47,TCP,54,61109  >  25565 [ACK] Seq=365 Ack=462902 Win=162560 Len=0
649,3.184014,209.222.115.47,192.168.0.200,TCP,1135,"25565  >  61109 [PSH, ACK] Seq=467282 Ack=365 Win=30720 Len=1081"
650,3.184024,192.168.0.200,209.222.115.47,TCP,54,61109  >  25565 [ACK] Seq=365 Ack=467282 Win=158208 Len=0
651,3.184024,209.222.115.47,192.168.0.200,TCP,1514,25565  >  61109 [ACK] Seq=468363 Ack=365 Win=30720 Len=1460
652,3.184036,209.222.115.47,192.168.0.200,TCP,1514,25565  >  61109 [ACK] Seq=469823 Ack=365 Win=30720 Len=1460
653,3.184045,192.168.0.200,209.222.115.47,TCP,54,61109  >  25565 [ACK] Seq=365 Ack=469823 Win=155648 Len=0
654,3.184049,209.222.115.47,192.168.0.200,TCP,1514,25565  >  61109 [ACK] Seq=471283 Ack=365 Win=30720 Len=1460
655,3.184074,209.222.115.47,192.168.0.200,TCP,1164,"25565  >  61109 [PSH, ACK] Seq=472743 Ack=365 Win=30720 Len=1110"
656,3.184074,209.222.115.47,192.168.0.200,TCP,273,"25565  >  61109 [PSH, ACK] Seq=473853 Ack=365 Win=30720 Len=219"
657,3.18408,192.168.0.200,209.222.115.47,TCP,54,61109  >  25565 [ACK] Seq=365 Ack=472743 Win=152576 Len=0
658,3.184095,192.168.0.200,209.222.115.47,TCP,54,61109  >  25565 [ACK] Seq=365 Ack=474072 Win=151296 Len=0
659,3.190737,209.222.115.47,192.168.0.200,TCP,119,"25565  >  61109 [PSH, ACK] Seq=474072 Ack=365 Win=30720 Len=65"
660,3.191013,209.222.115.47,192.168.0.200,TCP,574,"25565  >  61109 [PSH, ACK] Seq=474137 Ack=365 Win=30720 Len=520"
661,3.191013,209.222.115.47,192.168.0.200,TCP,314,"25565  >  61109 [PSH, ACK] Seq=474657 Ack=365 Win=30720 Len=260"
662,3.191065,192.168.0.200,209.222.115.47,TCP,54,61109  >  25565 [ACK] Seq=365 Ack=474917 Win=150528 Len=0
663,3.226656,209.222.115.47,192.168.0.200,TCP,252,"25565  >  61109 [PSH, ACK] Seq=474917 Ack=365 Win=30720 Len=198"
664,3.226722,192.168.0.200,209.222.115.47,TCP,54,61109  >  25565 [ACK] Seq=365 Ack=475115 Win=150272 Len=0
665,3.227113,209.222.115.47,192.168.0.200,TCP,299,"25565  >  61109 [PSH, ACK] Seq=475115 Ack=365 Win=30720 Len=245"
666,3.227478,209.222.115.47,192.168.0.200,TCP,250,"25565  >  61109 [PSH, ACK] Seq=475360 Ack=365 Win=30720 Len=196"
667,3.227478,209.222.115.47,192.168.0.200,TCP,239,"25565  >  61109 [PSH, ACK] Seq=475556 Ack=365 Win=30720 Len=185"
668,3.227532,192.168.0.200,209.222.115.47,TCP,54,61109  >  25565 [ACK] Seq=365 Ack=475741 Win=149760 Len=0
669,3.232041,209.222.115.47,192.168.0.200,TCP,115,"25565  >  61109 [PSH, ACK] Seq=475741 Ack=365 Win=30720 Len=61"
670,3.232126,192.168.0.200,209.222.115.47,TCP,54,61109  >  25565 [ACK] Seq=365 Ack=475802 Win=149504 Len=0
671,3.234636,209.222.115.47,192.168.0.200,TCP,321,"25565  >  61109 [PSH, ACK] Seq=475802 Ack=365 Win=30720 Len=267"
672,3.234662,209.222.115.47,192.168.0.200,TCP,940,"25565  >  61109 [PSH, ACK] Seq=476069 Ack=365 Win=30720 Len=886"
673,3.234662,209.222.115.47,192.168.0.200,TCP,949,"25565  >  61109 [PSH, ACK] Seq=476955 Ack=365 Win=30720 Len=895"
674,3.234662,209.222.115.47,192.168.0.200,TCP,775,"25565  >  61109 [PSH, ACK] Seq=477850 Ack=365 Win=30720 Len=721"
675,3.23472,192.168.0.200,209.222.115.47,TCP,54,61109  >  25565 [ACK] Seq=365 Ack=478571 Win=146688 Len=0
676,3.23768,209.222.115.47,192.168.0.200,TCP,950,"25565  >  61109 [PSH, ACK] Seq=478571 Ack=365 Win=30720 Len=896"
677,3.23768,209.222.115.47,192.168.0.200,TCP,609,"25565  >  61109 [PSH, ACK] Seq=479467 Ack=365 Win=30720 Len=555"
678,3.237711,209.222.115.47,192.168.0.200,TCP,683,"25565  >  61109 [PSH, ACK] Seq=480022 Ack=365 Win=30720 Len=629"
679,3.237711,209.222.115.47,192.168.0.200,TCP,339,"25565  >  61109 [PSH, ACK] Seq=480651 Ack=365 Win=30720 Len=285"
680,3.23773,192.168.0.200,209.222.115.47,TCP,54,61109  >  25565 [ACK] Seq=365 Ack=480022 Win=145408 Len=0
681,3.237729,209.222.115.47,192.168.0.200,TCP,1264,"25565  >  61109 [PSH, ACK] Seq=480936 Ack=365 Win=30720 Len=1210"
682,3.237729,209.222.115.47,192.168.0.200,TCP,634,"25565  >  61109 [PSH, ACK] Seq=482146 Ack=365 Win=30720 Len=580"
683,3.237729,209.222.115.47,192.168.0.200,TCP,592,"25565  >  61109 [PSH, ACK] Seq=482726 Ack=365 Win=30720 Len=538"
684,3.237729,209.222.115.47,192.168.0.200,TCP,578,"25565  >  61109 [PSH, ACK] Seq=483264 Ack=365 Win=30720 Len=524"
685,3.237746,192.168.0.200,209.222.115.47,TCP,54,61109  >  25565 [ACK] Seq=365 Ack=480936 Win=144384 Len=0
686,3.237753,209.222.115.47,192.168.0.200,TCP,1436,"25565  >  61109 [PSH, ACK] Seq=483788 Ack=365 Win=30720 Len=1382"
687,3.237753,209.222.115.47,192.168.0.200,TCP,964,"25565  >  61109 [PSH, ACK] Seq=485170 Ack=365 Win=30720 Len=910"
688,3.237753,209.222.115.47,192.168.0.200,TCP,309,"25565  >  61109 [PSH, ACK] Seq=486080 Ack=365 Win=30720 Len=255"
689,3.237753,209.222.115.47,192.168.0.200,TCP,355,"25565  >  61109 [PSH, ACK] Seq=486335 Ack=365 Win=30720 Len=301"
690,3.237766,192.168.0.200,209.222.115.47,TCP,54,61109  >  25565 [ACK] Seq=365 Ack=483788 Win=141568 Len=0
691,3.237771,209.222.115.47,192.168.0.200,TCP,577,"25565  >  61109 [PSH, ACK] Seq=486636 Ack=365 Win=30720 Len=523"
692,3.237771,209.222.115.47,192.168.0.200,TCP,306,"25565  >  61109 [PSH, ACK] Seq=487159 Ack=365 Win=30720 Len=252"
693,3.237771,209.222.115.47,192.168.0.200,TCP,501,"25565  >  61109 [PSH, ACK] Seq=487411 Ack=365 Win=30720 Len=447"
694,3.237787,209.222.115.47,192.168.0.200,TCP,922,"25565  >  61109 [PSH, ACK] Seq=487858 Ack=365 Win=30720 Len=868"
695,3.237788,192.168.0.200,209.222.115.47,TCP,54,61109  >  25565 [ACK] Seq=365 Ack=486636 Win=138752 Len=0
696,3.237795,192.168.0.200,209.222.115.47,TCP,54,61109  >  25565 [ACK] Seq=365 Ack=487858 Win=137472 Len=0
697,3.237816,192.168.0.200,209.222.115.47,TCP,54,61109  >  25565 [ACK] Seq=365 Ack=488726 Win=136704 Len=0
698,3.23783,209.222.115.47,192.168.0.200,TCP,1514,25565  >  61109 [ACK] Seq=488726 Ack=365 Win=30720 Len=1460
699,3.23783,209.222.115.47,192.168.0.200,TCP,121,"25565  >  61109 [PSH, ACK] Seq=490186 Ack=365 Win=30720 Len=67"
700,3.237855,192.168.0.200,209.222.115.47,TCP,54,61109  >  25565 [ACK] Seq=365 Ack=490253 Win=135168 Len=0
701,3.237844,209.222.115.47,192.168.0.200,TCP,1381,"25565  >  61109 [PSH, ACK] Seq=490253 Ack=365 Win=30720 Len=1327"
702,3.237844,209.222.115.47,192.168.0.200,TCP,714,"25565  >  61109 [PSH, ACK] Seq=491580 Ack=365 Win=30720 Len=660"
703,3.237877,209.222.115.47,192.168.0.200,TCP,1514,25565  >  61109 [ACK] Seq=492240 Ack=365 Win=30720 Len=1460
704,3.237877,209.222.115.47,192.168.0.200,TCP,1514,25565  >  61109 [ACK] Seq=493700 Ack=365 Win=30720 Len=1460
705,3.237884,192.168.0.200,209.222.115.47,TCP,54,61109  >  25565 [ACK] Seq=365 Ack=492240 Win=133120 Len=0
706,3.237891,209.222.115.47,192.168.0.200,TCP,1514,25565  >  61109 [ACK] Seq=495160 Ack=365 Win=30720 Len=1460
707,3.237891,209.222.115.47,192.168.0.200,TCP,1305,"25565  >  61109 [PSH, ACK] Seq=496620 Ack=365 Win=30720 Len=1251"
708,3.237898,192.168.0.200,209.222.115.47,TCP,54,61109  >  25565 [ACK] Seq=365 Ack=495160 Win=130304 Len=0
709,3.237904,209.222.115.47,192.168.0.200,TCP,1514,25565  >  61109 [ACK] Seq=497871 Ack=365 Win=30720 Len=1460
710,3.23791,192.168.0.200,209.222.115.47,TCP,54,61109  >  25565 [ACK] Seq=365 Ack=497871 Win=127488 Len=0
711,3.237916,209.222.115.47,192.168.0.200,TCP,1514,25565  >  61109 [ACK] Seq=499331 Ack=365 Win=30720 Len=1460
712,3.23793,209.222.115.47,192.168.0.200,TCP,1514,25565  >  61109 [ACK] Seq=500791 Ack=365 Win=30720 Len=1460
713,3.23793,209.222.115.47,192.168.0.200,TCP,307,"25565  >  61109 [PSH, ACK] Seq=502251 Ack=365 Win=30720 Len=253"
714,3.237934,192.168.0.200,209.222.115.47,TCP,54,61109  >  25565 [ACK] Seq=365 Ack=500791 Win=124672 Len=0
715,3.237947,192.168.0.200,209.222.115.47,TCP,54,61109  >  25565 [ACK] Seq=365 Ack=502504 Win=122880 Len=0
716,3.237947,209.222.115.47,192.168.0.200,TCP,1514,25565  >  61109 [ACK] Seq=502504 Ack=365 Win=30720 Len=1460
717,3.237959,209.222.115.47,192.168.0.200,TCP,1514,25565  >  61109 [ACK] Seq=503964 Ack=365 Win=30720 Len=1460
718,3.237971,209.222.115.47,192.168.0.200,TCP,1514,25565  >  61109 [ACK] Seq=505424 Ack=365 Win=30720 Len=1460
719,3.237977,192.168.0.200,209.222.115.47,TCP,54,61109  >  25565 [ACK] Seq=365 Ack=505424 Win=120064 Len=0
720,3.237983,209.222.115.47,192.168.0.200,TCP,1514,25565  >  61109 [ACK] Seq=506884 Ack=365 Win=30720 Len=1460
721,3.237994,209.222.115.47,192.168.0.200,TCP,367,"25565  >  61109 [PSH, ACK] Seq=508344 Ack=365 Win=30720 Len=313"
722,3.238001,192.168.0.200,209.222.115.47,TCP,54,61109  >  25565 [ACK] Seq=365 Ack=508344 Win=116992 Len=0
723,3.238007,209.222.115.47,192.168.0.200,TCP,1514,25565  >  61109 [ACK] Seq=508657 Ack=365 Win=30720 Len=1460
724,3.23802,209.222.115.47,192.168.0.200,TCP,1514,25565  >  61109 [ACK] Seq=510117 Ack=365 Win=30720 Len=1460
725,3.238025,192.168.0.200,209.222.115.47,TCP,54,61109  >  25565 [ACK] Seq=365 Ack=510117 Win=115200 Len=0
726,3.238032,209.222.115.47,192.168.0.200,TCP,1514,25565  >  61109 [ACK] Seq=511577 Ack=365 Win=30720 Len=1460
727,3.238044,209.222.115.47,192.168.0.200,TCP,1303,"25565  >  61109 [PSH, ACK] Seq=513037 Ack=365 Win=30720 Len=1249"
728,3.238051,192.168.0.200,209.222.115.47,TCP,54,61109  >  25565 [ACK] Seq=365 Ack=513037 Win=112384 Len=0
729,3.238055,209.222.115.47,192.168.0.200,TCP,1514,25565  >  61109 [ACK] Seq=514286 Ack=365 Win=30720 Len=1460
730,3.238067,209.222.115.47,192.168.0.200,TCP,1514,25565  >  61109 [ACK] Seq=515746 Ack=365 Win=30720 Len=1460
731,3.238072,192.168.0.200,209.222.115.47,TCP,54,61109  >  25565 [ACK] Seq=365 Ack=515746 Win=109568 Len=0
732,3.238081,209.222.115.47,192.168.0.200,TCP,1514,25565  >  61109 [ACK] Seq=517206 Ack=365 Win=30720 Len=1460
733,3.238081,209.222.115.47,192.168.0.200,TCP,227,"25565  >  61109 [PSH, ACK] Seq=518666 Ack=365 Win=30720 Len=173"
734,3.238081,209.222.115.47,192.168.0.200,TCP,198,"25565  >  61109 [PSH, ACK] Seq=518839 Ack=365 Win=30720 Len=144"
735,3.238101,192.168.0.200,209.222.115.47,TCP,54,61109  >  25565 [ACK] Seq=365 Ack=518983 Win=106496 Len=0
736,3.241265,209.222.115.47,192.168.0.200,TCP,103,"25565  >  61109 [PSH, ACK] Seq=518983 Ack=365 Win=30720 Len=49"
737,3.280788,209.222.115.47,192.168.0.200,TCP,115,"25565  >  61109 [PSH, ACK] Seq=519032 Ack=365 Win=30720 Len=61"
738,3.280882,192.168.0.200,209.222.115.47,TCP,54,61109  >  25565 [ACK] Seq=365 Ack=519093 Win=106240 Len=0
739,3.281117,209.222.115.47,192.168.0.200,TCP,78,"25565  >  61109 [PSH, ACK] Seq=519093 Ack=365 Win=30720 Len=24"
740,3.281117,209.222.115.47,192.168.0.200,TCP,76,"25565  >  61109 [PSH, ACK] Seq=519117 Ack=365 Win=30720 Len=22"
741,3.281176,192.168.0.200,209.222.115.47,TCP,54,61109  >  25565 [ACK] Seq=365 Ack=519139 Win=106240 Len=0
742,3.282248,209.222.115.47,192.168.0.200,TCP,1514,25565  >  61109 [ACK] Seq=519139 Ack=365 Win=30720 Len=1460
743,3.282656,209.222.115.47,192.168.0.200,TCP,1514,25565  >  61109 [ACK] Seq=520599 Ack=365 Win=30720 Len=1460
744,3.282656,209.222.115.47,192.168.0.200,TCP,250,"25565  >  61109 [PSH, ACK] Seq=522059 Ack=365 Win=30720 Len=196"
745,3.282684,209.222.115.47,192.168.0.200,TCP,1514,25565  >  61109 [ACK] Seq=522255 Ack=365 Win=30720 Len=1460
746,3.282684,209.222.115.47,192.168.0.200,TCP,1514,25565  >  61109 [ACK] Seq=523715 Ack=365 Win=30720 Len=1460
747,3.282684,209.222.115.47,192.168.0.200,TCP,952,"25565  >  61109 [PSH, ACK] Seq=525175 Ack=365 Win=30720 Len=898"
748,3.282707,209.222.115.47,192.168.0.200,TCP,1514,25565  >  61109 [ACK] Seq=526073 Ack=365 Win=30720 Len=1460
749,3.282713,209.222.115.47,192.168.0.200,TCP,1514,25565  >  61109 [ACK] Seq=527533 Ack=365 Win=30720 Len=1460
750,3.282713,209.222.115.47,192.168.0.200,TCP,212,"25565  >  61109 [PSH, ACK] Seq=528993 Ack=365 Win=30720 Len=158"
751,3.282721,192.168.0.200,209.222.115.47,TCP,54,61109  >  25565 [ACK] Seq=365 Ack=522255 Win=103168 Len=0
752,3.28273,192.168.0.200,209.222.115.47,TCP,54,61109  >  25565 [ACK] Seq=365 Ack=526073 Win=99328 Len=0
753,3.28275,192.168.0.200,209.222.115.47,TCP,54,61109  >  25565 [ACK] Seq=365 Ack=529151 Win=96256 Len=0
754,3.28291,209.222.115.47,192.168.0.200,TCP,1514,25565  >  61109 [ACK] Seq=529151 Ack=365 Win=30720 Len=1460
755,3.28291,209.222.115.47,192.168.0.200,TCP,1514,25565  >  61109 [ACK] Seq=530611 Ack=365 Win=30720 Len=1460
756,3.28291,209.222.115.47,192.168.0.200,TCP,675,"25565  >  61109 [PSH, ACK] Seq=532071 Ack=365 Win=30720 Len=621"
757,3.282948,209.222.115.47,192.168.0.200,TCP,1514,25565  >  61109 [ACK] Seq=532692 Ack=365 Win=30720 Len=1460
758,3.282948,209.222.115.47,192.168.0.200,TCP,1514,25565  >  61109 [ACK] Seq=534152 Ack=365 Win=30720 Len=1460
759,3.282974,192.168.0.200,209.222.115.47,TCP,54,61109  >  25565 [ACK] Seq=365 Ack=532692 Win=92672 Len=0
760,3.282999,192.168.0.200,209.222.115.47,TCP,54,61109  >  25565 [ACK] Seq=365 Ack=535612 Win=89856 Len=0
761,3.283817,209.222.115.47,192.168.0.200,TCP,1308,"25565  >  61109 [PSH, ACK] Seq=535612 Ack=365 Win=30720 Len=1254"
762,3.283817,209.222.115.47,192.168.0.200,TCP,175,"25565  >  61109 [PSH, ACK] Seq=536866 Ack=365 Win=30720 Len=121"
763,3.283874,192.168.0.200,209.222.115.47,TCP,54,61109  >  25565 [ACK] Seq=365 Ack=536987 Win=88320 Len=0
764,3.29028,209.222.115.47,192.168.0.200,TCP,103,"25565  >  61109 [PSH, ACK] Seq=536987 Ack=365 Win=30720 Len=49"
765,3.32884,192.168.0.200,209.222.115.47,TCP,54,61109  >  25565 [ACK] Seq=365 Ack=537036 Win=262400 Len=0
766,3.330883,209.222.115.47,192.168.0.200,TCP,115,"25565  >  61109 [PSH, ACK] Seq=537036 Ack=365 Win=30720 Len=61"
767,3.330961,192.168.0.200,209.222.115.47,TCP,54,61109  >  25565 [ACK] Seq=365 Ack=537097 Win=262144 Len=0
768,3.331195,209.222.115.47,192.168.0.200,TCP,78,"25565  >  61109 [PSH, ACK] Seq=537097 Ack=365 Win=30720 Len=24"
769,3.331195,209.222.115.47,192.168.0.200,TCP,76,"25565  >  61109 [PSH, ACK] Seq=537121 Ack=365 Win=30720 Len=22"
770,3.331227,192.168.0.200,209.222.115.47,TCP,54,61109  >  25565 [ACK] Seq=365 Ack=537143 Win=262144 Len=0
771,3.33423,209.222.115.47,192.168.0.200,TCP,1514,25565  >  61109 [ACK] Seq=537143 Ack=365 Win=30720 Len=1460
772,3.334704,209.222.115.47,192.168.0.200,TCP,1514,25565  >  61109 [ACK] Seq=538603 Ack=365 Win=30720 Len=1460
773,3.334747,209.222.115.47,192.168.0.200,TCP,1514,25565  >  61109 [ACK] Seq=540063 Ack=365 Win=30720 Len=1460
774,3.334747,209.222.115.47,192.168.0.200,TCP,1514,25565  >  61109 [ACK] Seq=541523 Ack=365 Win=30720 Len=1460
775,3.334747,209.222.115.47,192.168.0.200,TCP,1514,25565  >  61109 [ACK] Seq=542983 Ack=365 Win=30720 Len=1460
776,3.334747,209.222.115.47,192.168.0.200,TCP,830,"25565  >  61109 [PSH, ACK] Seq=544443 Ack=365 Win=30720 Len=776"
777,3.334775,209.222.115.47,192.168.0.200,TCP,1514,25565  >  61109 [ACK] Seq=545219 Ack=365 Win=30720 Len=1460
778,3.334775,209.222.115.47,192.168.0.200,TCP,1514,25565  >  61109 [ACK] Seq=546679 Ack=365 Win=30720 Len=1460
779,3.334792,209.222.115.47,192.168.0.200,TCP,1514,25565  >  61109 [ACK] Seq=548139 Ack=365 Win=30720 Len=1460
780,3.334792,209.222.115.47,192.168.0.200,TCP,1514,25565  >  61109 [ACK] Seq=549599 Ack=365 Win=30720 Len=1460
781,3.334806,192.168.0.200,209.222.115.47,TCP,54,61109  >  25565 [ACK] Seq=365 Ack=540063 Win=259328 Len=0
782,3.334812,209.222.115.47,192.168.0.200,TCP,1514,25565  >  61109 [ACK] Seq=551059 Ack=365 Win=30720 Len=1460
783,3.334812,209.222.115.47,192.168.0.200,TCP,529,"25565  >  61109 [PSH, ACK] Seq=552519 Ack=365 Win=30720 Len=475"
784,3.334817,192.168.0.200,209.222.115.47,TCP,54,61109  >  25565 [ACK] Seq=365 Ack=548139 Win=251136 Len=0
785,3.334825,209.222.115.47,192.168.0.200,TCP,1514,25565  >  61109 [ACK] Seq=552994 Ack=365 Win=30720 Len=1460
786,3.334833,209.222.115.47,192.168.0.200,TCP,1514,25565  >  61109 [ACK] Seq=554454 Ack=365 Win=30720 Len=1460
787,3.334838,192.168.0.200,209.222.115.47,TCP,54,61109  >  25565 [ACK] Seq=365 Ack=551059 Win=248320 Len=0
788,3.334845,209.222.115.47,192.168.0.200,TCP,1514,25565  >  61109 [ACK] Seq=555914 Ack=365 Win=30720 Len=1460
789,3.334849,192.168.0.200,209.222.115.47,TCP,54,61109  >  25565 [ACK] Seq=365 Ack=552994 Win=246272 Len=0
790,3.334856,192.168.0.200,209.222.115.47,TCP,54,61109  >  25565 [ACK] Seq=365 Ack=555914 Win=243456 Len=0
791,3.334858,209.222.115.47,192.168.0.200,TCP,1514,25565  >  61109 [ACK] Seq=557374 Ack=365 Win=30720 Len=1460
792,3.334872,209.222.115.47,192.168.0.200,TCP,1514,25565  >  61109 [ACK] Seq=558834 Ack=365 Win=30720 Len=1460
793,3.334872,209.222.115.47,192.168.0.200,TCP,442,"25565  >  61109 [PSH, ACK] Seq=560294 Ack=365 Win=30720 Len=388"
794,3.334879,192.168.0.200,209.222.115.47,TCP,54,61109  >  25565 [ACK] Seq=365 Ack=558834 Win=240384 Len=0
795,3.334884,192.168.0.200,209.222.115.47,TCP,54,61109  >  25565 [ACK] Seq=365 Ack=545219 Win=254208 Len=0
796,3.334886,209.222.115.47,192.168.0.200,TCP,1514,25565  >  61109 [ACK] Seq=560682 Ack=365 Win=30720 Len=1460
797,3.334898,209.222.115.47,192.168.0.200,TCP,1514,25565  >  61109 [ACK] Seq=562142 Ack=365 Win=30720 Len=1460
798,3.334928,192.168.0.200,209.222.115.47,TCP,54,61109  >  25565 [ACK] Seq=365 Ack=560682 Win=238592 Len=0
799,3.334938,209.222.115.47,192.168.0.200,TCP,1514,25565  >  61109 [ACK] Seq=563602 Ack=365 Win=30720 Len=1460
800,3.334947,192.168.0.200,209.222.115.47,TCP,54,61109  >  25565 [ACK] Seq=365 Ack=563602 Win=235776 Len=0
